job_id,job_title,company,location,salary_min,salary_max,posted_date,job_url,description
5826247065,Data Analyst,Inficore Soft,India,264000.0,276000.0,2026-08-03T06:51:53Z,https://www.adzuna.in/details/5826247065?utm_medium=api&utm_source=b30e4a75,"Data Analyst (Full-Time) Company: Inficore Soft Job Title: Data Analyst Location: India Employment Type: Full-Time Salary: ₹22,000 per month About Inficore Soft Inficore Soft is a technology-driven company focused on delivering innovative software and digital solutions. We are looking for a detail-oriented Data Analyst who can transform raw data into meaningful insights to support business growth and strategic decision-making. Key Responsibilities * Collect, clean, and validate data from multip…"
4686704238,Data Analyst,,"Thiruvananthapuram, Kerala",,,2024-05-10T07:38:46Z,https://www.adzuna.in/details/4686704238?utm_medium=api&utm_source=b30e4a75,Immediate requirement for the post of Data Analyst on rotation Shift (Male or Female). Persons only willing to work in both shifts need to apply.careers.coretechgmail.comorplease contact 9.4.nine.6.8.1.5.6.3.0
5899028729,Data Analyst,ALTRAIZE,"Bangalore, Karnataka",500000.0,600000.0,2026-09-26T07:08:57Z,https://www.adzuna.in/details/5899028729?utm_medium=api&utm_source=b30e4a75,"Job Summary We are seeking a detail-oriented and analytical Data Analyst to support our manufacturing operations by collecting, analyzing, and interpreting production data. The ideal candidate will work closely with production, quality, maintenance, and supply chain teams to identify trends, improve operational efficiency, reduce costs, and support data-driven decision-making. Key Responsibilities Collect, clean, and analyze manufacturing and production data from multiple sources. Develop dashb…"
5849116040,Data Analyst,Time Hack Consulting,"Bangalore, Karnataka",600000.0,1300000.0,2026-08-20T07:10:41Z,https://www.adzuna.in/details/5849116040?utm_medium=api&utm_source=b30e4a75,"Role: Data Analyst / Analytics Engineer About the Company A high-growth fintech platform is scaling two core data initiatives: a credit bureau intelligence engine that turns financial signals into automated underwriting logic, and an embedded health membership product distributed across its large lending base. This role sits at the intersection of credit data, user behavior, and multi-channel campaign analytics to power real-time eligibility engines, customer targeting models, and product-mappi…"
5902287266,Data Analyst,Rekruton Technologies,"Ahmedabad, Gujarat",800000.0,1000000.0,2026-09-29T07:58:49Z,https://www.adzuna.in/details/5902287266?utm_medium=api&utm_source=b30e4a75,"Role Overview: As a Data Analyst, you turn campaign, bidding, and audience data into decisions. The role today is as much about judgment as it is about querying: our analysts work on top of a modern cloud data stack and alongside internal AI systems: defining the metrics that matter, validating what automated tools and agents produce, and making sure the numbers that reach stakeholders are trustworthy. You will partner with product, engineering, and data science to improve both our advertising …"
5901424887,Data Analyst,Weekday AI,India,,,2026-09-28T14:36:32Z,https://www.adzuna.in/details/5901424887?utm_medium=api&utm_source=b30e4a75,"This role is for one of Weekday’s clients Min Experience: 4 years Location: India JobType: full-time We are looking for an experienced Data Analyst with 4–8 years of experience to join our analytics team and drive data-led decision-making across the CPG/FMCG business . The ideal candidate will have strong expertise in Power BI , along with hands-on experience in Pricing Analytics, Distribution Analytics, sales performance, and commercial analytics . You will work closely with business, sales, m…"
5903927781,Data Analyst,Weekday AI,India,,,2026-09-30T19:28:41Z,https://www.adzuna.in/details/5903927781?utm_medium=api&utm_source=b30e4a75,"This role is for one of Weekday’s clients Salary range: Rs 100000 - Rs 350000 (ie INR 1 - 3.5 LPA) Min Experience: 0 years Location: Maharashtra, India, Telangana, India JobType: full-time We are looking for a motivated and analytical Data Analyst with 0–2 years of experience to join our team. The ideal candidate will have a strong interest in data analysis, Machine Learning, Artificial Intelligence for Business, and .NET development , with the ability to translate business requirements into me…"
5891226525,Data Analyst,Medico Workforce,India,180000.0,240000.0,2026-09-20T07:07:18Z,https://www.adzuna.in/details/5891226525?utm_medium=api&utm_source=b30e4a75,"About the Opportunity Medico Workforce operates at the intersection of healthcare and data intelligence, empowering medical staffing agencies and clinical organizations with actionable insights. We build data-driven decision tools that optimize workforce allocation, reduce hiring friction, and improve clinician retention — all through scalable analytics powered by SQL, Python, and modern BI platforms. This role sits at the core of our analytics engine, turning raw hiring, placement, and perform…"
5903008902,Data Analyst,Acme Services Private Limited,"Yerwada, Pune",2000000.0,2100000.0,2026-09-30T00:11:50Z,https://www.adzuna.in/details/5903008902?utm_medium=api&utm_source=b30e4a75,"Job Description: Develop, maintain, and validate data mapping documentation to support business and technical requirements. Define, implement, and monitor data quality rules to improve data accuracy, consistency, and reliability. Support strategic initiatives by analyzing data, identifying issues, and recommending practical solutions. Partner with business and technical stakeholders to gather requirements, clarify objectives, and align data efforts with organizational priorities. Perform comple…"
5819873638,Data Analyst/ Senior Data Analyst,Dynata,"Noida, Ghaziabad",,,2026-07-29T20:47:45Z,https://www.adzuna.in/details/5819873638?utm_medium=api&utm_source=b30e4a75,"Responsibilities Ability to work on low complexity projects independently (Data Validation, Data Delivery &Tabulation/Data Outputs) Understand client requirement specifications and ensure to deliver them in time Organizing and shaping the data through the internal standards Escalate problems to manager for assistance as needed Experience 2-5 years of work experience in market research or equivalent. Knowledge & Skill Knowledge in Microsoft Office(Excel, Word and powerPoint). Knowledge of SPSS K…"
5735463452,Data Analyst,Digital Twin,"Pune, Maharashtra",,,2026-05-21T02:12:34Z,https://www.adzuna.in/details/5735463452?utm_medium=api&utm_source=b30e4a75,"Job Summary - Data Analyst We are looking to hire a data analyst to join our enterprise customer solutions team. As a Data Analyst, one will take responsibility for developing reports, and troubleshooting data issues. To do well in this role you need attention to detail, past experience as a data analyst, and a deep understanding of the popular data analysis tools and databases. Data Analyst Responsibilities: ● Commissioning and decommissioning of data sets. ● Processing confidential data and i…"
1993882092,Data Analyst,SveltetechTechnologies Pvt Ltd,"Delhi, India",0.0,300000.0,2021-02-15T04:27:43Z,https://www.adzuna.in/details/1993882092?utm_medium=api&utm_source=b30e4a75,"Data Analyst Job Duties Data analyst responsibilities include conducting full lifecycle analysis to include requirements, activities and design. Data analysts will develop analysis and reporting capabilities. They will also monitor performance and quality control plans to identify improvements. Responsibilities Interpret data, analyze results using statistical techniques and provide ongoing reports Develop and implement databases, data collection systems, data analytics and other strategies tha…"
5868120206,Data Analyst,Reliance Games,"Pune, Maharashtra",,,2026-09-03T08:01:51Z,https://www.adzuna.in/details/5868120206?utm_medium=api&utm_source=b30e4a75,"Develop complex queries and procedures to extract data for game analytics. Create dashboards on a daily basis handling multiple games simultaneously. Present the insights and findings to key stakeholders. Work closely with Product Managers to identify analytical questions. Work independently on the assigned tasks. Assist in development of processes to automate data analysis. Learn and adapt to new methods, tools and technologies. Relevant experience in SQL Querying, Data Analysis using Microsof…"
5146507084,Data Analyst,Amicus Therapeutics,"Bangalore, Karnataka",,,2025-04-16T01:41:37Z,https://www.adzuna.in/details/5146507084?utm_medium=api&utm_source=b30e4a75,"Position Description Data Analyst Location: Remote/Bangalore Amicus Therapeutics is a global, patient-dedicated biotechnology company focused on discovering, developing and delivering high-quality medicines for people living with rare metabolic diseases. Position Summary Data analyst responsibilities include conducting full lifecycle analysis to include requirements, activities and design. Data analysts will develop analysis and reporting capabilities. They will also monitor performance and qua…"
4514376622,Data Analyst,Qrata,"Delhi, India",1000000.0,1200000.0,2024-01-07T15:08:07Z,https://www.adzuna.in/details/4514376622?utm_medium=api&utm_source=b30e4a75,"Job Title: Data Analyst Job Brief: The successful candidate will turn data into information, information into insight and insight into business decisions. Data Analyst Job Duties Data analyst responsibilities include conducting full lifecycle analysis to include requirements, activities and design. Data analysts will develop analysis and reporting capabilities. They will also monitor performance and quality control plans to identify improvements. About Us We began in 2015 with an entrepreneuria…"
5744868780,Data Analyst,Amicus India,"Bangalore, Karnataka",,,2026-05-30T02:27:15Z,https://www.adzuna.in/details/5744868780?utm_medium=api&utm_source=b30e4a75,"Data Analyst Location: Remote/Bangalore Amicus Therapeutics is a global, patient-dedicated biotechnology company focused on discovering, developing, and delivering high-quality medicines for people living with rare metabolic diseases. Position Summary Data analyst responsibilities include conducting full lifecycle analysis to include requirements, activities and design. Data analysts will develop analysis and reporting capabilities. They will also monitor performance and quality control plans t…"
5850375334,Data Analyst,TechnoGen,"Hyderabad, Telangana",,,2026-08-21T07:38:38Z,https://www.adzuna.in/details/5850375334?utm_medium=api&utm_source=b30e4a75,"Bachelor's degree or equivalent in Information Technology, Computer Science, CIS, Engineering, or Math 5 year's proven working experience as a data analyst or business data analyst 3 years' Experience with BI Solutions (Micro Strategy, Looker, Tableau), databases (SQL), programming (Python, XML, JavaScript, or ETL frameworks) Technical experience regarding data models, database design development, data mining and segmentation techniques Knowledge of statistics and experience analyzing datasets …"
4514376189,Data Analyst,Qrata,"Delhi, India",800000.0,1300000.0,2024-01-07T15:07:49Z,https://www.adzuna.in/details/4514376189?utm_medium=api&utm_source=b30e4a75,"Job Title Data Analyst Job Brief The successful candidate will turn data into information, information into insight and insight into business decisions. Data Analyst Job Duties Data analyst responsibilities include conducting full lifecycle analysis to include requirements, activities and design. Data analysts will develop analysis and reporting capabilities. They will also monitor performance and quality control plans to identify improvements. Responsibilities ● Interpret data, analyze results…"
4966721625,Data Analyst,Fatakpay,India,800000.0,1500000.0,2024-12-07T13:03:54Z,https://www.adzuna.in/details/4966721625?utm_medium=api&utm_source=b30e4a75,"Job Title : Data Analyst-Fintech Job Description : We are seeking a highly motivated and detail-oriented Data Analyst with 2 to 4 years of work experience to join our team. The ideal candidate will have a strong analytical mindset, excellent problem-solving skills, and a passion for transforming data into actionable insights. In this role, you will play a pivotal role in gathering, analyzing, and interpreting data to support informed decision-making and drive business growth. Key Responsibiliti…"
5728436260,Data analyst,RECEX,"Kolkata, West Bengal",2880000.0,3600000.0,2026-05-14T02:27:02Z,https://www.adzuna.in/details/5728436260?utm_medium=api&utm_source=b30e4a75,"Job Description: Job Title: Data Analyst Job Description: We are looking for a skilled Data Analyst to collect, analyze, and interpret large datasets to help drive business decisions. The ideal candidate will have strong analytical skills, attention to detail, and experience with data visualization tools. Key Responsibilities: Analyze data to identify trends and insights. Create dashboards and reports for internal stakeholders. Collaborate with teams to understand data needs. Ensure data accura…"
5902511235,Data Analyst,Arting Digital Private Limited,"Noida, Ghaziabad",,,2026-09-29T09:28:23Z,https://www.adzuna.in/details/5902511235?utm_medium=api&utm_source=b30e4a75,"Position - Data Analyst Exp - 1-6 yrs Location - Noida (Sec- 62) Notice Period - Immediate joiner- 15 days Skills - Data Analyst, ETL Developer, SQL skills (mandatory), ETL concepts, data validation, quality checks, and troubleshooting, data extraction, transformation, loading, and monitoring About the Role We are looking for a Data Analyst with strong hands-on experience in SQL and ETL pipelines . The ideal candidate should be proficient in data extraction, transformation, loading, validation,…"
5903790480,Data Analyst,Softcrayons IT Education,"Ghaziabad, Uttar Pradesh",,,2026-09-30T16:17:45Z,https://www.adzuna.in/details/5903790480?utm_medium=api&utm_source=b30e4a75,"FULLTIME Data Analyst Innodata Inc. 4 days ago Data Analyst Innodata Inc. Data Science / Analytics FULLTIME 18001 - 20000 1 - 2 Years Ghaziabad Job Description We are looking for an Advanced Excel/MIS Executive to manage, analyze, and maintain company data and reports. The candidate will be responsible for preparing daily, weekly, and monthly MIS reports, creating Excel dashboards, analyzing data, maintaining records, and ensuring data accuracy. The role requires strong knowledge of Advanced Ex…"
1171509680,Data Analyst,Malaysian Global Innovation and Creativity Centre,India,500000.0,1000000.0,2019-06-05T21:12:29Z,https://www.adzuna.in/details/1171509680?utm_medium=api&utm_source=b30e4a75,"MaGIC Technology and Product team is looking for a data analyst to help expand and improve data on startups, investors, and founders in the ASEAN region. As part of the data team on our Startup Database product, you will assist in maintaining the accuracy of information on startups and investors, and continuously update our repository with latest publicly available data on the same. The job offers a high degree of autonomy and will also see you playing a leading role in the analysis of the data…"
1712428599,Data Analyst,Namaste Credit,"Bangalore, Karnataka",500000.0,1000000.0,2020-09-19T01:45:32Z,https://www.adzuna.in/details/1712428599?utm_medium=api&utm_source=b30e4a75,"About the Role The following Job Specification is intended to reflect the nature, range and context of the work. It identifies the main requirements of the job but is not an exhaustive list of duties. The Data Analyst role is a vital role as to be a sole point of contact responsible for closely working with various teams internally and closely working with the CTO. This role typically requires the resource to analyse the vast number of datasets and provide a meaningful impact and the result of …"
5503836577,Data Analyst,NAVVYASA CONSULTING PRIVATE LIMITED,India,,,2025-11-20T00:58:08Z,https://www.adzuna.in/details/5503836577?utm_medium=api&utm_source=b30e4a75,"About the Role We are looking for a highly skilled Data Analyst or Data Scientist with strong expertise in Python and SQL to join our client’s team. The primary responsibility will be to automate data-driven workflows and processes based on detailed business steps provided by the Product and Business teams. The ideal candidate will bridge the gap between analytics, process understanding, and automation execution. Key Responsibilities ● Collaborate with the Business and Product teams to understa…"
5831395731,Data Analyst,Whisk Software Private Limited,"Pune, Maharashtra",,,2026-08-07T07:26:13Z,https://www.adzuna.in/details/5831395731?utm_medium=api&utm_source=b30e4a75,"Expert knowledge of one or more reporting platforms (Tableau, Business Objects, etc.) Expert in constructing and optimizing complex SQL queries across large volumes of data Expert knowledge of one or more data quality management platforms (Informatica IDQ / CDQ, Ataccama, Information Builders) and using that platform to conduct data discovery and analysis Strong analytical skills and an understanding of the appropriate statistical techniques to use under different circumstances Experience desig…"
5895058566,Data Analyst,OIP Insurtech,India,1100000.0,1500000.0,2026-09-23T16:14:00Z,https://www.adzuna.in/details/5895058566?utm_medium=api&utm_source=b30e4a75,"We’re looking for a dynamic and driven Data Analyst to join our team of technology enthusiasts. This role is crucial in transforming data into insights that support strategic decision-making and innovation within the insurance technology (InsurTech) space. If you’re passionate about working with data, understanding systems, and delivering value through analytics, we’d love to hear from you. What We’re Looking For Proven experience working as a Data Analyst or in a similar analytical role 5 Year…"
5503284671,Data Analyst,Intelliatx Therapeutics,"Bangalore, Karnataka",,,2025-11-19T22:19:09Z,https://www.adzuna.in/details/5503284671?utm_medium=api&utm_source=b30e4a75,"Data Analyst – Job Decription Connecting people with each other and the right information is mission critical. Our Company develops innovative cloud-based technology to make it easier, more effective and more efficient to make the right connections. Our solutions put people in sync with each other and the right information, so they gain the insight needed to reach better decisions on the issues that matter most. We do it with a laser focus on reliability. The Company is a leading provider of te…"
5877293479,Data Analyst,Cornerstone OnDemand,"Pune, Maharashtra",,,2026-09-09T21:36:43Z,https://www.adzuna.in/details/5877293479?utm_medium=api&utm_source=b30e4a75,"We're looking for a Data Analyst This role is Office Based, Pune Office Data Analyst – Enterprise Data Management Location: Hyderabad, India About the Role: We are seeking an experienced Data Analyst to join our Enterprise Data Management team , with a core focus on Data Quality, Data Governance, and Master Data Management (MDM). In this role, you will be responsible for analyzing, profiling, and enhancing data within critical enterprise applications, including Salesforce, Oracle ERP, and Marke…"
5889560006,Data Analyst,MedTourEasy,India,600000.0,600000.0,2026-09-18T21:52:19Z,https://www.adzuna.in/details/5889560006?utm_medium=api&utm_source=b30e4a75,"Company Overview MedTourEasy, a global healthcare company, provides you the informational resources needed to evaluate your global options. MedTourEasy provides analytical solutions to our partner healthcare providers globally. Job Title Data Analyst Job Location Bengaluru, India Gurgaon, India New Delhi, India Noida, India Years of Experience 0-5 years Job Description As a Data Analyst at Medtoureasy, you will play a crucial role in analyzing and interpreting complex data sets to help drive st…"
4993547435,Data Analyst,RegisterKaro,India,400000.0,1000000.0,2025-01-01T11:53:10Z,https://www.adzuna.in/details/4993547435?utm_medium=api&utm_source=b30e4a75,"Job Description: Data Analyst Position: Data Analyst Location: Gurgaon Experience Level: 1-3 Years Employment Type: Full-Time Role Overview We are looking for a results-driven Data Analyst to join our team and support business decision-making through data insights and analytics. The ideal candidate will be highly proficient in Python, skilled in data visualization tools, and experienced in solving complex problems to drive measurable business outcomes such as revenue growth or cost reduction. K…"
5893825602,Data Analyst,Gravity Engineering Services Pvt Ltd,"Bangalore, Karnataka",800000.0,2000000.0,2026-09-22T16:13:39Z,https://www.adzuna.in/details/5893825602?utm_medium=api&utm_source=b30e4a75,"We're hiring a Data Analyst to turn raw data into clear, actionable insight. You'll partner with product, sales, marketing, and operations teams to answer their most important questions with data — building dashboards, running deep-dive analyses, and defining the metrics the business runs on. The ideal candidate is fluent in SQL, comfortable wrangling messy datasets, and just as strong at telling the story behind the numbers as they are at producing them. You'll own the accuracy and trustworthi…"
2500155500,Data Analyst,Reality Premedia Services Pvt Ltd,"Pune, Maharashtra",0.0,800000.0,2021-09-29T05:01:45Z,https://www.adzuna.in/details/2500155500?utm_medium=api&utm_source=b30e4a75,"We at Reality Premedia pvt ltd is looking for Data Analyst for Pune location. Must have experience in BFSC domain. Exp- Min 3yrs Location- Pune Mandatory Skills- Exp in powerBI/Tableau, SQL Basic Python Skills:- Tableau, PowerBI and Data Analytics"
5818423330,Data Analyst,Equitas Small Finance Bank,India,,,2026-07-28T20:53:05Z,https://www.adzuna.in/details/5818423330?utm_medium=api&utm_source=b30e4a75,"We are looking for a detail-oriented and analytical Data Analyst to join our team. In this role, you will collect, clean, and interpret complex datasets to help leadership and cross-functional teams understand market trends, optimize operations, and solve business challenges. [ 1 , 2 , 3 ]"
5882775660,Data Analyst,Ecolab,India,,,2026-09-13T21:42:16Z,https://www.adzuna.in/details/5882775660?utm_medium=api&utm_source=b30e4a75,"At Ecolab, you can help take on some of the world’s most meaningful challenges, delivering critical insights and innovative solutions to help our customers achieve clean water, safe food, abundant energy and healthy environments. With our worldwide reach and ambitious growth plans, you will have the opportunity to own your future and impact what matters. Are you ready to make an impact? Ecolab is searching for a driven Data Analyst for our Enterprise Growth Operations Team in Pune, India . The …"
5854880422,Data Analyst,Apex 2000,"Bangalore, Karnataka",,,2026-08-25T07:43:27Z,https://www.adzuna.in/details/5854880422?utm_medium=api&utm_source=b30e4a75,"We are seeking a meticulous and analytical Data Analyst to manage master data, ensure data quality, and support reporting and analysis initiatives. You will be responsible for overseeing the reporting environment, identifying and revising reporting requirements, and providing technical expertise in data management. This role involves working with confidential data, training end-users, and contributing to data integrity efforts. Roles & Responsibilities: Manage master data, including its creatio…"
5532438214,Data Analyst,Sagility,India,,,2025-12-07T22:44:33Z,https://www.adzuna.in/details/5532438214?utm_medium=api&utm_source=b30e4a75,"Sagility combines industry-leading technology and transformation-driven BPM services with decades of healthcare domain expertise to help clients draw closer to their members. The company optimizes the entire member/patient experience through service offerings for clinical, case management, member engagement, provider solutions, payment integrity, claims cost containment, and analytics. Sagility has more than 25,000 employees across 5 countries. ""To conduct data analysis, provide insights, and c…"
5876718084,Data Analyst,Cornerstone onDemand,"Hyderabad, Telangana",,,2026-09-09T11:07:12Z,https://www.adzuna.in/details/5876718084?utm_medium=api&utm_source=b30e4a75,"Data Analyst - Enterprise Data Management Location: Hyderabad, India About the Role: We are seeking an experienced Data Analyst to join our Enterprise Data Management team, with a core focus on Data Quality, Data Governance, and Master Data Management (MDM). In this role, you will be responsible for analyzing, profiling, and enhancing data within critical enterprise applications, including Salesforce, Oracle ERP, and Marketo. A key part of your responsibilities involves establishing and maintai…"
5876718085,Data Analyst,Cornerstone onDemand,"Pune, Maharashtra",,,2026-09-09T11:07:12Z,https://www.adzuna.in/details/5876718085?utm_medium=api&utm_source=b30e4a75,"Data Analyst - Enterprise Data Management Location: Hyderabad, India About the Role: We are seeking an experienced Data Analyst to join our Enterprise Data Management team, with a core focus on Data Quality, Data Governance, and Master Data Management (MDM). In this role, you will be responsible for analyzing, profiling, and enhancing data within critical enterprise applications, including Salesforce, Oracle ERP, and Marketo. A key part of your responsibilities involves establishing and maintai…"
2247134476,Data Analyst,Indium Software,India,250000.0,800000.0,2021-06-12T12:42:07Z,https://www.adzuna.in/details/2247134476?utm_medium=api&utm_source=b30e4a75,"The Data Analyst in the CoE will provide end to end solution development, working in conjunction with the Domain Leads and Technology Partners. He is responsible for the delivery of solutions and solution changes which are driven by the business requirements as well as providing technical and development capabilities. Knowledge Skills:- Apache Synapse, SQL, SAP MDG ( Master Data Governance), Python and Data Analytics"
4855397054,data analyst,Epik Solutions,India,50000.0,700000.0,2024-09-07T11:25:36Z,https://www.adzuna.in/details/4855397054?utm_medium=api&utm_source=b30e4a75,"Job Title: Data Analyst Location: Permanent Work from Home Job Type: Full-Time Job Description: We are seeking a highly motivated and skilled Data Analyst to join our team. The ideal candidate will have a strong background in data analysis, incident management, and real-time data reporting. The role demands exceptional communication skills, both written and spoken, as well as the ability to work flexible shifts to support our global operations. Key Responsibilities: - Perform data analysis to i…"
2853927974,Data Analyst,Multi Recruit,"Bangalore, Karnataka",1200000.0,1400000.0,2022-01-30T04:34:26Z,https://www.adzuna.in/details/2853927974?utm_medium=api&utm_source=b30e4a75,"We are looking for a Business Intelligence (BI)/Data Analyst to create and manage Power Bl and analytics solutions that turn data into knowledge. In this role, you should have a background in data and business analysis. If you are self-directed, passionate about data, and have business acumen and problem-solving aptitude, we'd like to meet you. Ultimately, you will enhance our business intelligence system to help us make better decisions. Requirements and Qualifications BSc/BA in Computer Scien…"
5727143467,Data Analyst,Mantras2Success,"Ahmedabad, Gujarat",500000.0,900000.0,2026-05-13T02:04:45Z,https://www.adzuna.in/details/5727143467?utm_medium=api&utm_source=b30e4a75,"Job Description: Role Overview: We are looking for a detail-oriented Data Analyst who can convert complex data into meaningful insights that help drive business decisions. The ideal candidate should have strong expertise in SQL, Python, and data visualisation tools and experience working with large datasets. Key Responsibilities: Collect, clean, and analyse large datasets to identify trends and patterns. Write complex SQL and MongoDB queries to extract and manipulate data. Build dashboards and …"
5336689191,Data Analyst,EWU,"Coimbatore, Tamil Nadu",400000.0,700000.0,2025-08-04T05:33:07Z,https://www.adzuna.in/details/5336689191?utm_medium=api&utm_source=b30e4a75,"We’re seeking a detail-oriented Data Analyst with proven experience in corporate settings to transform raw data into actionable insights. You’ll collaborate across departments to support strategic decision-making, optimize operations, and enhance business performance through data-driven analysis. Skills:- PowerBI, Tableau, Data Analytics, Dashboard, MS-Office, Data Visualization and Advanced analytics"
2433361449,Data Analyst,MSMEx,"Mumbai, Maharashtra",0.0,1200000.0,2021-09-05T02:42:02Z,https://www.adzuna.in/details/2433361449?utm_medium=api&utm_source=b30e4a75,We are looking for a Data Analyst that oversees organisational data analytics. This will require you to design and help implement the data analytics platform that will keep the organisation running. The team will be the go-to for all data needs for the app and we are looking for a self-starter who is hands on and yet able to abstract problems and anticipate data requirements. This person should be very strong technical data analyst who can design and implement data systems on his own. Along wit…
5832798180,Data Analyst,Milestone Online Technology,"Ahmedabad, Gujarat",,,2026-08-08T07:31:06Z,https://www.adzuna.in/details/5832798180?utm_medium=api&utm_source=b30e4a75,"Job description Need Data Analysts with good understanding of Python (pandas), Excel, tools like Tableau and Power BI. BTech (CS/IT/EC/EE), MBA, MTech, MCA, BCA, BSc, MSc freshers from 2024, 2023, 2022, 2021 should apply. Candidate should know Data Analytics. Skills: Power Bi, Sql, Python Experience: 0.00-1.00 Years"
5832798159,Data Analyst,Milestone Online Technology,"Bangalore, Karnataka",,,2026-08-08T07:31:05Z,https://www.adzuna.in/details/5832798159?utm_medium=api&utm_source=b30e4a75,"Job description Need Data Analysts with good understanding of Python (pandas), Excel, tools like Tableau and Power BI. BTech (CS/IT/EC/EE), MBA, MTech, MCA, BCA, BSc, MSc freshers from 2024, 2023, 2022, 2021 should apply. Candidate should know Data Analytics. Skills: Power Bi, Sql, Python Experience: 0.00-1.00 Years"
5832798167,Data Analyst,Milestone Online Technology,"Gurgaon, Haryana",,,2026-08-08T07:31:06Z,https://www.adzuna.in/details/5832798167?utm_medium=api&utm_source=b30e4a75,"Job description Need Data Analysts with good understanding of Python (pandas), Excel, tools like Tableau and Power BI. BTech (CS/IT/EC/EE), MBA, MTech, MCA, BCA, BSc, MSc freshers from 2024, 2023, 2022, 2021 should apply. Candidate should know Data Analytics. Skills: Power Bi, Sql, Python Experience: 0.00-1.00 Years"
5832798187,Data Analyst,Milestone Online Technology,"Lucknow, Uttar Pradesh",,,2026-08-08T07:31:07Z,https://www.adzuna.in/details/5832798187?utm_medium=api&utm_source=b30e4a75,"Job description Need Data Analysts with good understanding of Python (pandas), Excel, tools like Tableau and Power BI. BTech (CS/IT/EC/EE), MBA, MTech, MCA, BCA, BSc, MSc freshers from 2024, 2023, 2022, 2021 should apply. Candidate should know Data Analytics. Skills: Power Bi, Sql, Python Experience: 0.00-1.00 Years"
5832798181,Data Analyst,Milestone Online Technology,"Patna, Bihar",,,2026-08-08T07:31:06Z,https://www.adzuna.in/details/5832798181?utm_medium=api&utm_source=b30e4a75,"Job description Need Data Analysts with good understanding of Python (pandas), Excel, tools like Tableau and Power BI. BTech (CS/IT/EC/EE), MBA, MTech, MCA, BCA, BSc, MSc freshers from 2024, 2023, 2022, 2021 should apply. Candidate should know Data Analytics. Skills: Power Bi, Sql, Python Experience: 0.00-1.00 Years"
5832798158,Data Analyst,Milestone Online Technology,"Kolkata, West Bengal",,,2026-08-08T07:31:05Z,https://www.adzuna.in/details/5832798158?utm_medium=api&utm_source=b30e4a75,"Job description Need Data Analysts with good understanding of Python (pandas), Excel, tools like Tableau and Power BI. BTech (CS/IT/EC/EE), MBA, MTech, MCA, BCA, BSc, MSc freshers from 2024, 2023, 2022, 2021 should apply. Candidate should know Data Analytics. Skills: Power Bi, Sql, Python Experience: 0.00-1.00 Years"
5856408833,Data Analyst,Umberto Ceramics International Private Limited,India,500000.0,600000.0,2026-08-26T10:41:26Z,https://www.adzuna.in/details/5856408833?utm_medium=api&utm_source=b30e4a75,"Data Analyst We are seeking a Data Analyst to join Ariane Fine Porcelain's operations team. This role centers on extracting, transforming and analyzing data from ERP systems to support production, inventory, quality and finance functions within a ceramics manufacturing environment. The successful candidate will combine domain knowledge of manufacturing with technical ERP and analytics expertise to enable data-driven decisions, improve process efficiency and support ERP optimizations. Responsibi…"
2449398766,Data Analyst,Syrencloud,"Hyderabad, Telangana",0.0,800000.0,2021-09-11T02:17:17Z,https://www.adzuna.in/details/2449398766?utm_medium=api&utm_source=b30e4a75,"Our growing technology firm is looking for an experienced Data Analyst who is able to turn project requirements into custom-formatted data reports. The ideal candidate for this position is able to do complete life cycle data generation and outline critical information for each Project Manager. We also need someone who is able to analyze business procedures and recommend specific types of data that can be used to improve upon them. Skills:- SQL, SAP and Data Analytics"
5728445327,Data Analyst,RECEX,"Delhi, India",400000.0,480000.0,2026-05-14T02:27:43Z,https://www.adzuna.in/details/5728445327?utm_medium=api&utm_source=b30e4a75,"Job Description: We are seeking a skilled Data Analyst with expertise in Power BI to design and maintain interactive dashboards, analyze complex datasets, and deliver actionable insights. The ideal candidate will have experience in data visualization, report creation, and performance analysis. Strong proficiency in Power BI, SQL, and Excel is essential. The role requires excellent problem-solving abilities, attention to detail, and effective communication to present data findings to stakeholder…"
5903291634,Data Analyst,Innovexis,India,,,2026-09-30T07:50:53Z,https://www.adzuna.in/details/5903291634?utm_medium=api&utm_source=b30e4a75,"Description Innovexis is seeking a Data Analyst Intern to join our team in India. This is a remote internship opportunity within the Education Management industry, offering a unique chance to apply data analytics skills to real-world challenges in the education sector. As a Data Analyst Intern at Innovexis, you will work closely with experienced professionals to collect, analyze, and interpret data that supports informed decision-making and drives improvements in educational programs and servic…"
2890608757,Data Analyst,Fragma Data Systems,India,600000.0,800000.0,2022-02-12T04:45:18Z,https://www.adzuna.in/details/2890608757?utm_medium=api&utm_source=b30e4a75,"Good grasp and hands-on exposure to SQL, Hive. Good to have- Azure cloud, Spark sql. 1. Will be the point of contact for reporting/data management needs and will be responsible to drive complex data analysis and propose improvement opportunities in existing tools and reports. 2. The Data Analyst will be responsible to establish best practices in data management, data visualization, and report distribution. 3. Understanding requirements and converting into technical and business delivers. 4. Lev…"
4686704927,Data Analyst,,"Vadodara, Gujarat",,,2024-05-10T07:38:51Z,https://www.adzuna.in/details/4686704927?utm_medium=api&utm_source=b30e4a75,"We are Hiring for ( Data Analyst ) ( Desired Candidate Profile: Checking ) Analysis and entering data in databases working in a Emergency Control Room and working on Logistics Portal Interface and GPS, Good Communication skill (Hindi & English) Employee Condition:- · Job Location is Vadodara · Girls only work in ‘A’ and ‘B’ Shift · Bond Period is 1 Years and breach to which is strictly not allowed. Special Request / Permissions shall be reviewed for by higher management is case of relieving · R…"
5877842241,Data Analyst,3i Infotech Limited,"Navi Mumbai, Maharashtra",,,2026-09-10T07:36:32Z,https://www.adzuna.in/details/5877842241?utm_medium=api&utm_source=b30e4a75,"Manage HRIS, ensure data accuracy, and streamline HR processes. Analyze HR data (performance, turnover, recruitment) and provide insights. Develop HR reports and dashboards for decision-making. Assist in workforce planning and compensation analysis. Evaluate employee engagement, retention, and recruitment effectiveness. Ensure HR compliance and mitigate risks. Support training evaluation and strategic HR initiatives. Skills: Proficient in data analysis (Excel, SQL, R, Python), HRIS, and data vi…"
2403881225,Data Analyst,Multi Recruit,"Bangalore, Karnataka",500000.0,1500000.0,2021-08-24T22:37:13Z,https://www.adzuna.in/details/2403881225?utm_medium=api&utm_source=b30e4a75,Measure the sales effectiveness efforts using data science/app/digital nudges. Should be able to work on the clickstream data Should be well versed and willing to work hands-on various Machine Learning techniques Skills Ability to lead a team of 5-6 members. Ability to work with large data sets and present conclusions to key stakeholders. Develop a clear understanding of the client’s business issue to inform the best approach to the problem. Root-cause analysis Define data requirements for crea…
4715697356,Data analyst,Sadup Softech,"Bangalore, Karnataka",1200000.0,1500000.0,2024-06-01T09:41:50Z,https://www.adzuna.in/details/4715697356?utm_medium=api&utm_source=b30e4a75,"Must have skills 3 to 6 years Data Science SQL, Excel, Big Query - mandate 3 years Python/ML, Hadoop, Spark - 2 years Requirements • 3 years prior experience as a data analyst • Detail oriented, structural thinking and analytical mindset. • Proven analytic skills, including data analysis and data validation. • Technical writing experience in relevant areas, including queries, reports, and presentations. • Strong SQL and Excel skills with the ability to learn other analytic tools • Good communic…"
5800765376,Data Analyst,Jetking Technologies Private Limited,"Noida, Ghaziabad",20000.0,25000.0,2026-07-15T10:21:31Z,https://www.adzuna.in/details/5800765376?utm_medium=api&utm_source=b30e4a75,"Job Description– Data Analyst Qualification: Bachelor's degree in Computer Science, Statistics, Mathematics, or related field Location: Noida sector 127 Experience: • 1–3 years • Proficiency in MS Excel (pivot tables, VLOOKUP, formulas) • Basicknowledge of SQLfor data querying • Familiarity with data visualization tools (Power BI/Tableau)– preferred • Stronganalytical and problem-solving skills • Goodcommunicationskills Roles and Responsibilities: • Collect, clean, and organize data from multip…"
2539490267,Data Analyst,Graphene Services Pte Ltd,"Bangalore, Karnataka",,,2021-10-13T05:52:44Z,https://www.adzuna.in/details/2539490267?utm_medium=api&utm_source=b30e4a75,"About Graphene Graphene is a Singapore Head quartered AI company which has been recognized as Singapore’s Best Start Up By Switzerland’s Seedstarsworld, and also been awarded as best AI platform for healthcare in Vivatech Paris. Graphene India is also a member of the exclusive NASSCOM Deeptech club. We are developing an AI plaform which is disrupting and replacing traditional Market Research with unbiased insights with a focus on healthcare, consumer goods and financial services. Graphene was f…"
5861793858,Data Analyst,Aon,"Bangalore, Karnataka",,,2026-08-30T07:40:00Z,https://www.adzuna.in/details/5861793858?utm_medium=api&utm_source=b30e4a75,"Job Title - Data Analyst Position type - Full Time Work Location - Bangalore, Noida, Gurgaon Working style - Hybrid Cab Facility - Yes Shift Time - 10am-7pm IST People Manager role No Required education and certifications critical for the role Bachelors or Masters degree in Computer Science, Engineering, or a related field Required years of experience 7-10 years experience in relevant field AON IS IN THE BUSINESS OF BETTER DECISIONS At Aon, we shape decisions for the better to protect and enric…"
5814494533,Data Analyst,EXL,"Pune, Maharashtra",,,2026-07-25T03:27:49Z,https://www.adzuna.in/details/5814494533?utm_medium=api&utm_source=b30e4a75,"Description Must-Have: ● 4 / 5 years of professional experience as a Data Analyst with good decision-making, analytical and problem-solving skills. ● SQL, Pyspark, Python with Banking Domain knowledge - Credit & Lending. Working knowledge / experience of Big Data frameworks like Hadoop, Hive and Spark. ● Hands-on experience in query languages like HQL or SQL (Spark SQL) for Data exploration. ● Data mapping: Determine the data mapping required to join multiple data sets together across multiple …"
5681009000,Data Analyst,Wissen Technology,"Bangalore, Karnataka",,,2026-03-28T11:28:26Z,https://www.adzuna.in/details/5681009000?utm_medium=api&utm_source=b30e4a75,"Role- Data Analyst Experience- 2 to 5 years Location-Bangalore Job Role- ● Experience: Minimum of 2 years of professional experience in a data-heavy environment (E-commerce or Fintech experience is a plus). ● SQL Mastery: Exceptional ability to write complex joins, window functions, Analytical functions, and CTEs. Experience with high-scale databases (e.g., BigQuery, Hive, or Postgres). ● Scripting: Functional knowledge of Python for data manipulation (Pandas, NumPy) and basic automation script…"
5857746715,Data Analyst,Square Yards,"Gurgaon, Haryana",,,2026-08-27T07:40:46Z,https://www.adzuna.in/details/5857746715?utm_medium=api&utm_source=b30e4a75,"Candidate with 2 Years of experience in Google Analytics and BI Should have working experience into Tableau and Power BI Job Description : Work requires ability to deliver complex reports via Google Analytics, previous experience with Google Analytics Experience with creating automated reports via Tableau and Power BI Practical experience with at least two business insights platforms such as: Domo, Tableau, QlikView, Data Studio, Sisense, PowerBI Experience with Google tag management solutions …"
5602825903,Data Analyst,Hunarstreet Technologies Pvt Ltd,"Vadodara, Gujarat",600000.0,800000.0,2026-01-28T11:24:00Z,https://www.adzuna.in/details/5602825903?utm_medium=api&utm_source=b30e4a75,"Job Overview As a Profile Data Setup Analyst, you will play a key role in configuring, analysing, and managing product data for our customers. You will work closely with internal teams and clients to ensure accurate, optimized, and timely data setup in Windowmaker software. This role is perfect for someone who enjoys problem-solving, working with data, and continuously learning. Key Responsibilities • Understand customer product configurations and translate them into structured data using Windo…"
5878672346,Data Analyst,FAI,India,,,2026-09-10T21:25:22Z,https://www.adzuna.in/details/5878672346?utm_medium=api&utm_source=b30e4a75,"Company Summary First American (India) is a GCC (Global Capability Center) of the First American Financial Corporation (NYSE: FAF) family of companies. FAI is a proud member of the FORTUNE 500 companies and has been amongst the Fortune 100 Best Companies to Work For® list for eight consecutive years. First American Financial Corporation provides comprehensive title insurance, closing/settlement, property data and technology solutions. First American (India) creates quality solutions for its cus…"
5549594782,Data Analyst,Highfly Sourcing,India,1500000.0,2500000.0,2025-12-20T11:07:17Z,https://www.adzuna.in/details/5549594782?utm_medium=api&utm_source=b30e4a75,"We are seeking a motivated Data Analyst to support business operations by analyzing data, preparing reports, and delivering meaningful insights. The ideal candidate should be comfortable working with data, identifying patterns, and presenting findings in a clear and actionable way. Key Responsibilities: Collect, clean, and organize data from internal and external sources Analyze large datasets to identify trends, patterns, and opportunities Prepare regular and ad-hoc reports for business stakeh…"
5706462425,Data Analyst,Cytiva Life Science,"Bangalore, Karnataka",,,2026-04-22T01:59:28Z,https://www.adzuna.in/details/5706462425?utm_medium=api&utm_source=b30e4a75,"Be part of something altogether life-changing Working at Cytiva in the Life Sciences industry means being at the forefront of providing new solutions to transform human health. Our incredible customers undertake life-saving activities ranging from fundamental biological research to developing innovative vaccines, new medicines, and cell and gene therapies. At Cytiva you will be able to continuously improve yourself and us – working on challenges that truly matter with people that care for each …"
4344578568,Data Analyst,Jobdost,"Bangalore, Karnataka",0.0,500000.0,2023-10-02T13:22:30Z,https://www.adzuna.in/details/4344578568?utm_medium=api&utm_source=b30e4a75,"About the role: We are looking for a motivated data analyst with sound experience in handling web/ digital analytics, to join us as part of the Kapiva D2C Business Team. This team is primarily responsible for driving sales and customer engagement on our website. This channel has grown 5x in revenue over the last 12 months and is poised to grow another 5x over the next six. It represents a high-growth, important part of our overall e-commerce growth strategy. The mandate here is to run an end-to…"
5852342307,Data Analyst,Straatix Partners,"Bangalore, Karnataka",2500000.0,3500000.0,2026-08-22T16:04:47Z,https://www.adzuna.in/details/5852342307?utm_medium=api&utm_source=b30e4a75,"CAP-190 : Senior Data Analyst  Location : Bangalore / Hyderabad / Chennai / Pune / NCR  Experience : 7 - 15 Years  Job Code : CAP-190  Work Type : Hybrid - 3 Days in a Week About the Client (CODE: CAP) CAP operates at the forefront of the financial services industry, providing consulting, technology, and digital transformation solutions to leading organizations worldwide. With a focus on innovation, CAP empowers clients to navigate complex regulatory landscapes, optimize operations, and drive b…"
5854877435,Data Analyst,Purview India Consulting And Services Llp,"Pune, Maharashtra",,,2026-08-25T07:40:46Z,https://www.adzuna.in/details/5854877435?utm_medium=api&utm_source=b30e4a75,"We are actively seeking a Hand on Data Analyst who possesses excellent organizational and planning skills, along with a proven ability to handle multiple tasks in a fast-paced environment. We are looking for someone who is highly motivated and self-driven, capable of working independently with minimal guidance or supervision. The ideal candidate will have a strong analytical mindset, utilizing metrics and data to constantly evaluate success and drive improvements in tools, content, and programs…"
5592093935,Data Analyst,Hunarstreet Technologies Pvt Ltd,"Gujarat, India",60000.0,700000.0,2026-01-20T11:16:34Z,https://www.adzuna.in/details/5592093935?utm_medium=api&utm_source=b30e4a75,"Job Role : Profile Data Setup Analyst Job Title : Data Analyst Location : Vadodara | Department: Customer Service | Experience : 3 - 5 Years Job Overview A company, we’ve been transforming the window and door industry with intelligent software for over 40 years. Our solutions power manufacturers, dealers, and installers globally, enabling efficiency, accuracy, and growth. We are now looking for curious, data-driven professionals to join our mission of delivering world-class digital solutions to…"
5859124126,Data Analyst,Claight Corporation Expert Market Research,"Noida, Ghaziabad",,,2026-08-28T07:38:06Z,https://www.adzuna.in/details/5859124126?utm_medium=api&utm_source=b30e4a75,"Job Summary/Overview: Claight Corporation (Expert Market Research) is seeking a Data Analyst to join our dynamic team and contribute to data-driven decision-making. The ideal candidate will be responsible for managing, analyzing, and maintaining large data sets while ensuring data integrity, consistency, and security. This position offers an excellent opportunity to develop analytical and technical skills in a fast-paced, research-focused environment. Key Responsibilities: Data Management: Mana…"
5768623778,Data Analyst,Ecolab,India,,,2026-06-19T02:45:54Z,https://www.adzuna.in/details/5768623778?utm_medium=api&utm_source=b30e4a75,"Job Characteristics: Demonstrates use and application of data analysis principles to examine data systems and determine relationships and meaning of data, as it relates to business and system technical processes, and document accordingly. The employee should demonstrate mastering of skills in at least two of the following data analysis areas: SQL language usage, data governance and security practices, ELT/ETL strategy, quality-of-data evaluation and assessment, and data requirements generation …"
5899555543,Data Analyst,Uniabroad,India,500000.0,2500000.0,2026-09-26T16:20:45Z,https://www.adzuna.in/details/5899555543?utm_medium=api&utm_source=b30e4a75,"We are looking for a detail-oriented and analytical Data Analyst to join our team. The ideal candidate will be responsible for collecting, analyzing, and interpreting data to identify trends, generate insights, and support business decision-making. The candidate should be comfortable working with large datasets, creating reports and dashboards, and communicating findings clearly to business stakeholders. Key Responsibilities Collect, clean, organize, and analyze data from multiple sources. Iden…"
3337906172,Data Analyst,Mr n Mrs Pet,"Jaipur, Rajasthan",100000.0,300000.0,2022-07-22T06:48:32Z,https://www.adzuna.in/details/3337906172?utm_medium=api&utm_source=b30e4a75,"Requirements: Bachelor’s degree from university or college in computer science. Work experience as a data analyst or in a related field. Ability to work with stakeholders to assess potential risks. Ability to analyse existing tools and databases and provide software solution recommendations. Ability to translate business requirements into non-technical, lay terms. High-level experience in methodologies and processes for managing large-scale databases. Demonstrated experience in handling large d…"
5900348948,Data Analyst,Expleo,"Nana Peth, Pune",,,2026-09-27T11:04:31Z,https://www.adzuna.in/details/5900348948?utm_medium=api&utm_source=b30e4a75,"Location: Hybrid (Pune, India - Up to 3 Days Per Week Onsite) Employment Type: Contract Experience Level: Proficient (8 Years) Join a High-Impact Data & Analytics Team Are you passionate about transforming complex data into meaningful business insights? Trissential is seeking an experienced Data Analyst to join our client's team in Pune, India. This is an exciting opportunity to work within a collaborative Agile/Scrum environment where you'll partner with business stakeholders, architects, engi…"
5904030865,Data Analyst,Trellance,India,,,2026-09-30T21:06:30Z,https://www.adzuna.in/details/5904030865?utm_medium=api&utm_source=b30e4a75,"Company Detail CU Rise Analytics Pvt. Ltd. is a wholly owned subsidiary of Trellance, Inc. CU Rise Analytics is an offshore development centre of Trellance Inc., working collaboratively to offer comprehensive solutions for data analytics, technology and talent to allow our credit union clients to provide high quality service to their members and remain competitive. Our core expertise lies in data science and technology, encompassing data analytics, predictive modelling, business intelligence, a…"
5904434879,Data Analyst,"Trellance Cooperative Holdings, Inc.","Ahmedabad, Gujarat",,,2026-10-01T07:25:25Z,https://www.adzuna.in/details/5904434879?utm_medium=api&utm_source=b30e4a75,"Company Detail CU Rise Analytics Pvt. Ltd. is a wholly owned subsidiary of Trellance, Inc. CU Rise Analytics is an offshore development centre of Trellance Inc., working collaboratively to offer comprehensive solutions for data analytics, technology and talent to allow our credit union clients to provide high quality service to their members and remain competitive. Our core expertise lies in data science and technology, encompassing data analytics, predictive modelling, business intelligence, a…"
5762286343,Data Analyst,Wissen Technology,"Bangalore, Karnataka",,,2026-06-13T13:33:59Z,https://www.adzuna.in/details/5762286343?utm_medium=api&utm_source=b30e4a75,"Experience: 2 Years Mandatory Skills: Data Analysis, Data Mining, Data Validation, Python, SQL, Power BI, Advanced Excel Data Analyst We are looking for 1 Developer/Analyst to support data analysis, data mapping, and report automation initiatives. This is an entry-level role with structured training, ideal for candidates who are detail-oriented, proactive, and capable of working independently in a fast-paced environment. Key Responsibilities Perform data analysis and data validation across vari…"
1762829126,Data Analyst,Awign,"Bangalore, Karnataka",400000.0,700000.0,2020-10-15T02:16:09Z,https://www.adzuna.in/details/1762829126?utm_medium=api&utm_source=b30e4a75,We are looking for a result-driven candidate to join our analytics team as a Data Analyst. Duties And Responsibilities 1. Work closely with Operation Head to setup reporting structures using complex formula(s) over Google Sheets. 2. Should be able to use Google Apps Script towards creating simple applications for ongoing projects/clients. 3. To run a detailed analysis of project-level data to generate additional insights for clients in the form of analytical dashboards. 4. To build trackers for…
5889572874,Data Analyst,Joinfleek,"Bangalore, Karnataka",600000.0,600000.0,2026-09-18T21:57:43Z,https://www.adzuna.in/details/5889572874?utm_medium=api&utm_source=b30e4a75,"About Fleek Fleek is a B2B Marketplace for wholesale second-hand fashion. We enable resellers and retail stores to buy from vintage clothing suppliers worldwide. We are backed by top Silicon Valley VCs such as Andreessen Horowitz (a16z), Y Combinator, and founders/CEOs of Depop, Shopify, and Postmates. About The Team Fleek is a diverse set of funky individuals with the single mission of helping sustainability and promoting circular fashion while building a beautiful product experience. Our 50 p…"
5842590109,Data Analyst,Agiliad Technologies,"Gurgaon, Haryana",,,2026-08-15T08:33:34Z,https://www.adzuna.in/details/5842590109?utm_medium=api&utm_source=b30e4a75,"Leadership and Team Management: Lead, mentor, and develop a team of data analysts and data scientists. Foster a collaborative and innovative team environment. Conduct predictive analysis to identify trends, patterns, and insights from large data sets. Develop and implement machine learning models and algorithms for predictive analytics. Strategic Planning: Develop and implement the data analytics strategy aligned with the company's goals. Identify opportunities for leveraging company data to dr…"
4992020344,Data Analyst,Appitsimple infotek Pvt. Ltd.,India,100000.0,300000.0,2024-12-30T12:10:27Z,https://www.adzuna.in/details/4992020344?utm_medium=api&utm_source=b30e4a75,"Job role: As a data analyst, you will be responsible for compiling actionable insights from data and assisting program, sales and marketing managers build data-driven processes. Your role will involve driving initiatives to optimize for operational excellence and revenue. Responsibilities: Ensure that data flows smoothly from source to destination so that it can be processed Utilize strong database skills to work with large, complex data sets to extract insights Filter and cleanse unstructured …"
4514376058,Data Analyst,Qrata,"Mumbai, Maharashtra",500000.0,1000000.0,2024-01-07T15:07:43Z,https://www.adzuna.in/details/4514376058?utm_medium=api&utm_source=b30e4a75,"DATA ANALYST About: We allows customers to ""buy now and pay later"" for goods and services purchased online and offline portals. It's a rapidly growing organization opening up new avenues of payments for online and offline customers. Role: Define and continuously refine the analytics roadmap. Build, Deploy and Maintain the data infrastructure that supports all of the analysis, including the data warehouse and various data marts Build, deploy and maintain the predictive models and scoring infrast…"
2572832371,Data Analyst,BitClass,"Bangalore, Karnataka",0.0,1600000.0,2021-10-24T04:00:25Z,https://www.adzuna.in/details/2572832371?utm_medium=api&utm_source=b30e4a75,"BitClass, a VC funded startup (backed by the investors or Unacademy, Doubtnut, ShareChat, Meesho among others) in the domain of edtech, is looking for a data analyst to help in making better business decisions using information from the available data. The responsibility is to gather and prepare data from multiple sources, run statistical analyses, and communicate your findings in a clear and objective way. Responsibilities - Understanding the business requirements so as to formulate the proble…"
5831397285,Data Analyst,ICE,"Hyderabad, Telangana",,,2026-08-07T07:27:22Z,https://www.adzuna.in/details/5831397285?utm_medium=api&utm_source=b30e4a75,"Job Purpose We are looking for a passionate Data Analyst to support the Operations Analytics department at ICE. The successful candidate will play a crucial role in extracting actionable insights from large datasets to guide strategic decision making within the organization. Primary responsibilities will revolve around analyzing complex data sets, identifying patterns, and developing models to provide actionable recommendations to our stakeholders. Responsibilities Data Analysis: Collect, clean…"
2635526340,Data Analyst,Amazon,"Bangalore, Karnataka",0.0,800000.0,2021-11-12T04:18:09Z,https://www.adzuna.in/details/2635526340?utm_medium=api&utm_source=b30e4a75,"Data Analyst Job Description : About GlowRoad: GlowRoad is building India's most profitable social e-commerce platform where resellers share the catalog of products through their network on Facebook, Whatsapp, Instagram, etc and convert them to sales. GlowRoad is on a mission to create micro-entrepreneurs (resellers) who can set up their web-store, market their products and track all transactions through its platform. GlowRoad app has 15M downloads and 1- million  MAU's.- GlowRoad has been fund…"
5789394746,Data Analyst,ZEISS,"Bangalore, Karnataka",,,2026-07-06T03:28:04Z,https://www.adzuna.in/details/5789394746?utm_medium=api&utm_source=b30e4a75,"ZEISS in India ZEISS in India is headquartered in Bengaluru and present in the fields of Industrial Quality Solutions, Research Microscopy Solutions, Medical Technology, Vision Care and Sports & Cine Optics. ZEISS India has 3 production facilities, R&D center, Global IT services and about 40 Sales & Service offices in almost all Tier I and Tier II cities in India. With 2200 employees and continued investments over 25 years in India, ZEISS’ success story in India is continuing at a rapid pace. F…"
5838433598,Data Analyst,DXC Technology,India,,,2026-08-12T20:42:00Z,https://www.adzuna.in/details/5838433598?utm_medium=api&utm_source=b30e4a75,"Job Description: Responsibilities as the Data/Business Analyst: Analyzing the as-is data structures and mapping to new to-be data structures Writing high quality, testable user stories to ensure that these can be estimated, delivered by developers and used to define test automation and which. Analyzing, understanding and documenting existing system behavior, including data mapping and transformation to support integration design as well as identification of system features and data requirements…"
5574398026,Data Analyst,Topcoder,"Noida, Ghaziabad",,,2026-01-09T00:41:11Z,https://www.adzuna.in/details/5574398026?utm_medium=api&utm_source=b30e4a75,"Position Overview We are seeking a detail-oriented Data Analyst who will ensure that organizational data is accurately transformed, validated, and prepared for downstream consumption. Key Responsibilities Data Transformation & Integration Design, develop, and maintain ETL/ELT pipelines to consolidate data from disparate systems (databases, APIs, flat files) Apply business logic to normalize, enrich, and standardize incoming datasets Data Quality Assurance Implement validation rules and automate…"
5211779279,Data Analyst,Wissen Technology,"Mumbai, Maharashtra",,,2025-05-23T06:51:59Z,https://www.adzuna.in/details/5211779279?utm_medium=api&utm_source=b30e4a75,"Description of Role: We are looking for a career-minded professional with global perspective to join the Mumbai based Data & Analytics Group (DAG). Key responsibilities: As part of the Data & Analytics Group (DAG) and reporting to the Head of the India DAG locally, the individual is responsible for the following – 1.Review, analyze, and resolve data quality issues for enterprise core data in the IM Data Warehouse. 2.Coordinate with data owners and other teams to identify root-cause of data qual…"
2853928118,Data Analyst,Extramarks,"Noida, Ghaziabad",0.0,1000000.0,2022-01-30T04:34:28Z,https://www.adzuna.in/details/2853928118?utm_medium=api&utm_source=b30e4a75,Required Experience · 3 years of relevant technical experience as a data analyst role · Intermediate / expert skills with SQL and basic statistics · Experience in Advance SQL · Python programming- Added advantage · Strong problem solving and structuring skills · Automation in connecting various sources to the data and representing it through various dashboards · Excellent with Numbers and communicate data points through various reports/templates · Ability to communicate effectively internally a…
5600377478,Data Analyst,Arcana Analytics,India,,,2026-01-26T00:36:10Z,https://www.adzuna.in/details/5600377478?utm_medium=api&utm_source=b30e4a75,"Arcana is a portfolio intelligence platform used by hedge funds and asset managers to analyze performance and risk. We’re rethinking the tools institutional investors rely on—and we’re hiring analysts who want to help drive that transformation. We are looking for a Data Analyst to work with large-scale financial datasets, ensure high data quality, and deliver actionable insights through dashboards and reports. The role focuses on building and maintaining robust data quality frameworks and colla…"
5850376089,Data Analyst,Egon Zehnder,"Gurgaon, Haryana",,,2026-08-21T07:38:50Z,https://www.adzuna.in/details/5850376089?utm_medium=api&utm_source=b30e4a75,"The Analyst will be responsible for work on day-to-day Power BI requests. He/She should be able to help the stakeholders on improving the processes via automation of projects. The analysts should be able to deep dive into the data for insights and also be able to formulate Power BI tasks and solutions. Shift Timings: Flexible Principal Responsibilities Request processing - Working on ad-hoc requests, communication with stakeholders. Process management - Quality Control, Maintenance of Power BI …"
5879561813,Data Analyst,Nineleaps,"Bangalore, Karnataka",,,2026-09-11T16:16:13Z,https://www.adzuna.in/details/5879561813?utm_medium=api&utm_source=b30e4a75,"At Nineleaps, we work on bleeding-edge technology with class-leading engineering practices on products that touch the lives of millions of users. We endeavor on doing things the right way, while also promoting a culture of excellence. About the Role: We are looking for a Data Analyst with strong analytical and problem-solving skills to transform complex data into meaningful, actionable business insights. The role involves working with large datasets, conducting deep-dive analysis, driving autom…"
5891242055,Data Analyst,ascendion,"Gurgaon, Haryana",,,2026-09-20T07:45:08Z,https://www.adzuna.in/details/5891242055?utm_medium=api&utm_source=b30e4a75,"About Ascendion Ascendion is a leader in AI-Native platform driven software engineering company that underwrites outcomes, helping businesses innovate faster, smarter, and with greater impact. We partner with Global 2000 clients across North America, UK, Europe, and APAC to solve complex challenges in data, experience design, software product engineering, and workforce transformation. Powered by expert engineers, thousands of AI agents, and our Engineering to the Power of AI™ (EngineeringAI) me…"
5379021882,Data Analyst,ICAD school of Learning,"Nagpur, Maharashtra",500000.0,800000.0,2025-09-02T07:56:40Z,https://www.adzuna.in/details/5379021882?utm_medium=api&utm_source=b30e4a75,"Job Summary The Data Analyst is required to Data capture, data cleaning, data preparation, data management and data analysis and interpretations required by the Business. Handle data factory with precision and confidentiality. The role is crucial for providing actionable insights to improve teaching quality, enhance student performance, optimize business operations, and drive growth. Essential Job Responsibilities: Academic Data Analysis · Analyze student performance data from internal assessme…"
5522126592,Data Analyst,Technogen,"Bangalore, Karnataka",,,2025-12-01T22:55:55Z,https://www.adzuna.in/details/5522126592?utm_medium=api&utm_source=b30e4a75,Job Code : JPC – 36740 We are looking for a creative data analyst who has strong experience in both data visualization and data workflow construction Analyst must be proficient in both Hadoop and Alteryx (Hadoop certification required) Analyst must have experience working with senior leadership to both comprehend and produce desired outputs Experience building Hadoop dashboards showing multiple visual views of performance with easy drill down capability Preferred candidate will be well versed i…
5902987684,Data Analyst,Tarento Group,"Indore, Madhya Pradesh",,,2026-09-29T22:51:28Z,https://www.adzuna.in/details/5902987684?utm_medium=api&utm_source=b30e4a75,"About Tarento Tarento is a fast-growing technology consulting company headquartered in Stockholm, with a strong presence in India and clients across the globe. We specialize in digital transformation, product engineering, and enterprise solutions, working across diverse industries including retail, manufacturing, and healthcare. Our teams combine Nordic values with Indian expertise to deliver innovative, scalable, and high-impact solutions. We're proud to be recognized as a Great Place to Work,…"
4988851694,Data Analyst,Clinton Health Access Initiative,"Bhopal, Madhya Pradesh",300000.0,400000.0,2024-12-25T11:57:39Z,https://www.adzuna.in/details/4988851694?utm_medium=api&utm_source=b30e4a75,"The Clinton Health Access Initiative, Inc. (CHAI) is a global health organization committed to saving lives and reducing the burden of disease in low-and middle-income countries, while strengthening the capabilities of governments and the private sector in those countries to create and sustain high-quality health systems that can succeed without our assistance. For more information, please visit: http://www.clintonhealthaccess.org In India, CHAI has worked on various initiatives with the Nation…"
5728267279,Data Analyst,Mantras2Success,"Ahmedabad, Gujarat",500000.0,700000.0,2026-05-14T02:05:21Z,https://www.adzuna.in/details/5728267279?utm_medium=api&utm_source=b30e4a75,"Job Description: Position Summary: We are seeking a meticulous and skilled MIS/data analyst to join our team. The ideal candidate will be proficient in advanced Excel and Google Sheets, adept at using complex formulas, and capable of transferring data from CRM software such as Skynamo, Freshsales, and Xero into Google Sheets. The role involves creating insightful dashboards and revenue models to support data-driven decision-making. Key Responsibilities: Data Management: Transfer and manage data…"
5904043760,Data Analyst,GEDU Global Education,"Noida, Ghaziabad",,,2026-09-30T21:16:44Z,https://www.adzuna.in/details/5904043760?utm_medium=api&utm_source=b30e4a75,"Description Description We are looking for a hands-on Data Analyst with strong expertise in SQL and Power BI to transform complex business, marketing, and operational data into actionable insights and scalable reporting solutions. The role will work closely with Marketing, Sales, and Business teams to support data-driven decision-making, improve reporting capabilities, and drive business performance. What We Expect From You Analyse large and complex datasets across marketing, lead generation, a…"
4158049546,Data Analyst,DAZN,"Hyderabad, Telangana",,,2023-06-18T16:46:34Z,https://www.adzuna.in/details/4158049546?utm_medium=api&utm_source=b30e4a75,"Is your next career move to work in a team which uses data, reporting and analytical skills to help answer business questions to make DAZN a data-driven company? DAZN is a tech-first sport streaming platform that reaches millions of users every week. We are challenging a traditional industry and giving power back to the fans. Our new Hyderabad tech hub will be the engine that drives us forward to the future. We’re pushing boundaries and doing things no-one has done before. Here, you have the op…"
5859122688,Data Analyst,Robosoft Technologies,"Bangalore, Karnataka",,,2026-08-28T07:37:34Z,https://www.adzuna.in/details/5859122688?utm_medium=api&utm_source=b30e4a75,"We are looking for a meticulous and analytical Data Analyst with strong SQL skills and cloud experience to join our team. The ideal candidate will have a solid background in data analysis, statistical techniques, with specific expertise in using SQL to manage and analyze large datasets in cloud environments. You will be responsible for interpreting data, analyzing results, and providing actionable insights to drive business decisions. Responsibilities: Gather data from various sources, ensuring…"
5859122647,Data Analyst,Robosoft Technologies,"Navi Mumbai, Maharashtra",,,2026-08-28T07:37:33Z,https://www.adzuna.in/details/5859122647?utm_medium=api&utm_source=b30e4a75,"We are looking for a meticulous and analytical Data Analyst with strong SQL skills and cloud experience to join our team. The ideal candidate will have a solid background in data analysis, statistical techniques, with specific expertise in using SQL to manage and analyze large datasets in cloud environments. You will be responsible for interpreting data, analyzing results, and providing actionable insights to drive business decisions. Responsibilities: Gather data from various sources, ensuring…"
4801558701,Data Analyst,Immunogen Pharmaceutical,"Bangalore, Karnataka",,,2024-07-31T03:15:22Z,https://www.adzuna.in/details/4801558701?utm_medium=api&utm_source=b30e4a75,"About Immunogen Targeting a better life for people with cancer is why we get up in the morning. It’s not enough to disrupt the progress of someone’s cancer; we want to keep cancer from disrupting someone’s life. That’s why everything we do is about developing the most precise, targeted cancer therapies. We believe this is the best way to get people back to their lives – back to living today, tomorrow, and beyond. For us, targeting a better now is the only thing that matters. About the role Canc…"
5891876431,Data Analyst,GE Vernova,"Bangalore, Karnataka",,,2026-09-20T21:38:43Z,https://www.adzuna.in/details/5891876431?utm_medium=api&utm_source=b30e4a75,"Job Description Summary The Data Analyst will develop technical architecture and automation support to regional and global GE Vernova Consulting Services team. This role employs a data-centric solutions approach to transform raw power system datasets into high-fidelity actionable insights, enhancing our tactical and strategic market position through robust analytical pipelines. Job Description Roles and Responsibilities Infrastructure Management: Design, build, and maintain scalable ELT/ETL (Ex…"
5889085236,Data Analyst,PMC Commerce,"Vadodara, Gujarat",,,2026-09-18T16:13:37Z,https://www.adzuna.in/details/5889085236?utm_medium=api&utm_source=b30e4a75,"Summary of the position: We are seeking a detail-oriented and highly skilled Data Analyst to join our dynamic team. This role is integral to the creation of Management Information (MI) Dashboards and will drive intelligence and insights across our organisation. The ideal candidate will have extensive experience in using Power BI and Microsoft Fabric, and will thrive in a demanding, data-led environment. They will have a solid understanding of Master Data Management & Data Science methodologies …"
5896646644,Data Analyst,DRW,India,,,2026-09-24T16:14:49Z,https://www.adzuna.in/details/5896646644?utm_medium=api&utm_source=b30e4a75,"DRW is a diversified trading firm with over 3 decades of experience bringing sophisticated technology and exceptional people together to operate in markets around the world. We value autonomy and the ability to quickly pivot to capture opportunities, so we operate using our own capital and trading at our own risk. Headquartered in Chicago with offices throughout the U.S., Canada, Europe, and Asia, we trade a variety of asset classes including Fixed Income, ETFs, Equities, FX, Commodities and En…"
5891404249,Data Analyst,GE Vernova,"Bangalore, Karnataka",,,2026-09-20T11:11:31Z,https://www.adzuna.in/details/5891404249?utm_medium=api&utm_source=b30e4a75,"Job Description Summary The Data Analyst will develop technical architecture and automation support to regional and global GE Vernova Consulting Services team. This role employs a data-centric solutions approach to transform raw power system datasets into high-fidelity actionable insights, enhancing our tactical and strategic market position through robust analytical pipelines. Job Description Roles and Responsibilities  Infrastructure Management: Design, build, and maintain scalable ELT/ETL (E…"
5835723885,Data Analyst,Portcast,India,,,2026-08-10T20:48:00Z,https://www.adzuna.in/details/5835723885?utm_medium=api&utm_source=b30e4a75,"Portcast is a venture-backed, Singapore-based logistics technology startup building a real-time transportation visibility platform for global supply chains. We help shippers, manufacturers, and logistics service providers turn data into decisions and decisions into measurable business impact. Our platform goes beyond visibility. Portcast enables action at scale by surfacing the right risks early, helping teams prevent detention and demurrage, accelerate exception management, and close invoices …"
2830210357,Data Analyst,Amagi Media Labs,"Bangalore, Karnataka",1000000.0,2000000.0,2022-01-21T04:29:35Z,https://www.adzuna.in/details/2830210357?utm_medium=api&utm_source=b30e4a75,"Data Analyst Job Description Summary Are you passionate about handling large & complex data problems, want to make an impact and have the desire to work on ground-breaking big data technologies? Then we are looking for you. At Amagi, great ideas have a way of becoming great products, services, and customer experiences very quickly. Bring passion and dedication to your job and there's no telling what you could accomplish. Would you like to work in a fast-paced environment where your technical ab…"
5899328289,Data Analyst,"NTT America, Inc.",India,,,2026-09-26T11:15:11Z,https://www.adzuna.in/details/5899328289?utm_medium=api&utm_source=b30e4a75,"India T&M Special Bonus: Req ID: 390777 NTT DATA strives to hire exceptional, innovative and passionate individuals who want to grow with us. If you want to be part of an inclusive, adaptable, and forward-thinking organization, apply now. We are currently seeking a Data Analyst to join our team in Remote, Karnataka (IN-KA), India (IN). Explore and profile source data Analyze Chemille usage and performance Identify trends, patterns, and data-quality issues Support KPI definition and validation D…"
5897176848,Data Analyst,Ericsson,"Kanpur Dehat, Uttar Pradesh",,,2026-09-24T22:38:45Z,https://www.adzuna.in/details/5897176848?utm_medium=api&utm_source=b30e4a75,"Join our Team About Opportunity The role is accountable for identifying business insights and driving improvement opportunities through Statistical, Exploratory, and Advanced Analytics. The analyst will design, automate, and maintain analytical solutions across operational and network performance, enabling measurable on-ground improvements. This role requires an analytical thinker who can translate complex datasets into meaningful insights for business and network functions. Key Responsibilitie…"
2830210287,Data Analyst,Amagi Media Labs,"Bangalore, Karnataka",1000000.0,1400000.0,2022-01-21T04:29:34Z,https://www.adzuna.in/details/2830210287?utm_medium=api&utm_source=b30e4a75,"1. 2 to 4 years of experience 2. hands on experience using python, sql, tablaue 3. Data Analyst About Amagi ( www.amagi.com ): Amagi is a market leader in cloud based media technology services for channel creation, distribution and ad monetization. Amagi’s cloud technology and managed services is used by TV networks, content owners, sports rights owners and pay TV / OTT platforms to create 24x7 linear channels for OTT and broadcast and deliver them to end consumers. Amagi’s pioneering and marke…"
5902914866,Data Analyst,HP,India,,,2026-09-29T21:20:38Z,https://www.adzuna.in/details/5902914866?utm_medium=api&utm_source=b30e4a75,"Data Analyst Description - Job Summary • This role is responsible for analyzing and interpreting complex data sets using statistical techniques to identify trends, patterns, and insights that can be used to form business decisions and improve organizational performance. The role brings cutting edge perspective on programming techniques for data exploration, mining, preparation, cleansing, manipulation, modeling and validation. The role explores potential opportunities for improving business out…"
5895065880,Data Analyst,WPP,"Chennai, Tamil Nadu",,,2026-09-23T16:15:32Z,https://www.adzuna.in/details/5895065880?utm_medium=api&utm_source=b30e4a75,"WPP is the trusted growth partner for the world’s leading brands. We unite cutting-edge media intelligence and data solutions, world-class creativity, next-generation production, transformative enterprise solutions and expert strategic counsel in a single company – powered by exceptional talent and our agentic marketing platform, WPP Open, to help our clients navigate change, capture opportunity and deliver transformational growth. We work with the world's most valuable brands and have global r…"
5590143347,Data Analyst,Hudson Data,India,900000.0,1200000.0,2026-01-18T10:53:59Z,https://www.adzuna.in/details/5590143347?utm_medium=api&utm_source=b30e4a75,"About Hudson Data At Hudson Data, we view AI as both an art and a science. Our cross-functional teams — spanning business leaders, data scientists, and engineers — blend AI/ML and Big Data technologies to solve real-world business challenges. We harness predictive analytics to uncover new revenue opportunities, optimize operational efficiency, and enable data-driven transformation for our clients. Beyond traditional AI/ML consulting, we actively collaborate with academic and industry partners t…"
5861219353,Data Analyst,Esko,India,,,2026-08-29T20:45:56Z,https://www.adzuna.in/details/5861219353?utm_medium=api&utm_source=b30e4a75,"Location: India Function: Product Management Reports To: Sr Director, Cloud Platform Are you Interested in using data to help shape product and business decisions? Passionate about turning complex data into clear insights and intuitive Power BI dashboards? Curious about how customers use products and excited to uncover trends, patterns, and opportunities in the data? If so, we'd love to meet you. Why Esko? Esko, part of Veralto (NYSE: VLTO), is the global leader in packaging and product lifecyc…"
5861965986,Data Analyst,Veralto,"Bangalore, Karnataka",,,2026-08-30T11:28:16Z,https://www.adzuna.in/details/5861965986?utm_medium=api&utm_source=b30e4a75,"Location: India Function: Product Management Reports To: Sr Director, Cloud Platform Are you  Interested in using data to help shape product and business decisions?  Passionate about turning complex data into clear insights and intuitive Power BI dashboards?  Curious about how customers use products and excited to uncover trends, patterns, and opportunities in the data? If so, we'd love to meet you. Why Esko? Esko, part of Veralto (NYSE: VLTO), is the global leader in packaging and product life…"
5831602194,Data Analyst,Fortive Corporation,India,,,2026-08-07T10:54:42Z,https://www.adzuna.in/details/5831602194?utm_medium=api&utm_source=b30e4a75,"The Data Analyst will focus on advanced analytics, predictive modeling, and scalable BI development to support Sales leadership with forward-looking insights. This role is responsible for building and maintaining predictive, repeatable reporting frameworks across forecasting, top-of-funnel performance, and core sales KPIs. _Advanced Analytics & Predictive Modeling_  Design and maintain predictive models to support revenue forecasting, pipeline movement, deal progression, and funnel conversion. …"
1186076365,Data Analyst,The Smart Cube,"Noida, Ghaziabad",200000.0,500000.0,2019-06-20T23:29:15Z,https://www.adzuna.in/details/1186076365?utm_medium=api&utm_source=b30e4a75,"• Act as a lead analyst on various data analytics projects aiding strategic decision making for Fortune 500 / FTSE 100 companies, Blue Chip Consulting Firms and Global Financial Services companies • Understand the client objectives, and work with the PL to design the analytical solution/framework. Be able to translate the client objectives / analytical plan into clear deliverables with associated priorities and constraints • Collect/Organize/Prepare/Manage data for the analysis and conduct qual…"
5732584180,Data Analyst,Acura Solution,India,,,2026-05-18T02:08:37Z,https://www.adzuna.in/details/5732584180?utm_medium=api&utm_source=b30e4a75,"Job Description: Principal Accountabilities and Responsibilities  The candidate is expected to perform basic data ETL (Extract-Transform-Load) tasks – starting with extraction of data from the source systems, cleaning it, handling exceptions and finally prepare them to feed into various systems/tools depending on the projects/PODs/delivery channels.  Testing and validation of data models/data tables/data assets  The role also requires the person to understand the data thoroughly and draw bus…"
5901481088,Data Analyst,Headout,"Bangalore, Karnataka",,,2026-09-28T16:17:31Z,https://www.adzuna.in/details/5901481088?utm_medium=api&utm_source=b30e4a75,"The role We're looking for a sharp, hungry analyst to join the data team at Headout. This is a foundational role, you'll work closely with senior analysts and leadership to build the reports, dashboards, and automations that power decisions across the company. Depending on where the need is greatest and where your strengths lie, you could find yourself working on growth and marketing analytics, product analytics, operations and supply-side problems, or a mix of all three. The common thread: you…"
5793185846,Data Analyst,Headout,"Bangalore, Karnataka",,,2026-07-09T03:05:53Z,https://www.adzuna.in/details/5793185846?utm_medium=api&utm_source=b30e4a75," Why Headout? We’re a rocketship: 9-figure revenue, record growth, and profitable With $200M in revenue, guests in 700 cities, and 18 months of profitability, Headout is the fastest-growing marketplace in the travel industry, and we’re just getting started. We've raised $60M from top-tier investors and are building a durable company for the long term — because that's what our mission needs and deserves. We’re growing, profitable and nowhere near done. What we do is important In an increasingly …"
2953661450,Data Analyst,Falcon Autotech,"Noida, Ghaziabad",400000.0,700000.0,2022-03-08T05:06:27Z,https://www.adzuna.in/details/2953661450?utm_medium=api&utm_source=b30e4a75,"Strong analytical skills with the ability to collect, organize, analyze, and disseminate significant amounts of information with attention to detail and accuracy Expertise of SQL/PL-SQL -ability to write procedures and create queries for reporting purpose. Must have worked on a reporting tool – Power BI/Tableau etc. Strong knowledge of excel/Google Sheets – must have worked with pivot tables, aggregate functions, logical if conditions. Strong verbal and written communication skills for coordina…"
2177266370,Data Analyst,Marktine,"Bangalore, Karnataka",0.0,1500000.0,2021-05-11T13:01:41Z,https://www.adzuna.in/details/2177266370?utm_medium=api&utm_source=b30e4a75,"Immediate Joiners Preferred NOTE: Working Shift: 11 am - 8 pm IST (/- one hour on need basis) Monday to Friday Responsibilities : 1. Leverage Alteryx to build, maintain, execute and deliver data assets. This entails using data analytics tools (combination of proprietary tools, Excel, and scripting), validating raw data quality, and working with Tableau/ Power BI and other geospatial data visualization applications 2. Analyze large data sets in Alteryx, finding patterns and providing a concise s…"
5607196899,Data Analyst,QAgile Services,India,300000.0,500000.0,2026-01-31T11:30:48Z,https://www.adzuna.in/details/5607196899?utm_medium=api&utm_source=b30e4a75,"Microsoft Fabric, Power BI, Data modelling, ETL, Spark SQL Remote work- 5-7 hours 450 Rs hourly charges Skills:- PowerBI, Data modeling, ETL, Spark, SQL and ELT"
5520630121,Data Analyst,Jobdost,"Mangalore, Dakshin Kannada",800000.0,1000000.0,2025-12-01T04:52:26Z,https://www.adzuna.in/details/5520630121?utm_medium=api&utm_source=b30e4a75,"Who is an ideal fit for us? We seek professionals who are analytical, demonstrate self-motivation, exhibit a proactive mindset, and possess a strong sense of responsibility and ownership in their work. What will you get to work on? As a member of the Implementation & Analytics team, you will: ● Design, develop, and optimize complex SQL queries to extract, transform, and analyze data ● Create advanced reports and dashboards using SQL, stored procedures, and other reporting tools ● Develop and ma…"
5111436575,Data Analyst,Vector Labs Tech,India,1200000.0,2100000.0,2025-03-26T06:46:55Z,https://www.adzuna.in/details/5111436575?utm_medium=api&utm_source=b30e4a75,"Responsibilities: Data Collection and Preparation: Gather data from various sources, including databases, spreadsheets, and APIs. Clean, validate, and transform data to ensure accuracy and consistency. Develop and maintain data pipelines for efficient data processing. Data Analysis and Interpretation: Analyze large datasets to identify trends, patterns, and correlations. Perform statistical analysis and hypothesis testing to validate findings. Develop and implement data models and algorithms to…"
4801598617,Data Analyst,Intercept Pharmaceuticals,"Bangalore, Karnataka",,,2024-07-31T03:18:00Z,https://www.adzuna.in/details/4801598617?utm_medium=api&utm_source=b30e4a75,"About Intercept Pharmaceuticals Intercept Pharmaceuticals, Inc. is an American biopharmaceutical company incorporated in 2002, focusing on the development of novel synthetic bile acid analogs to treat chronic liver diseases, such as primary biliary cirrhosis (PBC) now called primary biliary cholangitis, non-alcoholic fatty liver disease (or non-alcoholic steatohepatitis , NASH), cirrhosis , portal hypertension , primary sclerosing cholangitis and also the intestinal disorder, bile acid diarrhea…"
3679469504,Data Analyst,Indium Software,"Bangalore, Karnataka",100000.0,1500000.0,2022-11-11T06:35:47Z,https://www.adzuna.in/details/3679469504?utm_medium=api&utm_source=b30e4a75,"2 years of Analytics with predominant experience in SQL, SAS, Statistics, R , Python, Visualization Experienced in writing complex SQL select queries ( window functions & CTE’s) with advanced SQL experience Should be an individual contributor for initial few months based on project movement team will be aligned Strong in querying logic and data interpretation Solid communication and articulation skills Able to handle stakeholders independently with less interventions of reporting manager Develo…"
4988851226,Data Analyst,Millions Advisory,"Pune, Maharashtra",500000.0,1700000.0,2024-12-25T11:57:34Z,https://www.adzuna.in/details/4988851226?utm_medium=api&utm_source=b30e4a75,"Must have 5-8 years of experience in handling data Must have the ability to interpret large amounts of data and to multi-task Must have strong knowledge of and experience with programming (Python), Linux/Bash scripting, databases(SQL, etc) Must have strong analytical and critical thinking to resolve business problems using data and tech Must have domain familiarity and interest of – Cloud technologies (GCP/Azure Microsoft/ AWS Amazon), open-source technologies, Enterprise technologies Must have…"
4344577959,Data Analyst,Jobdost,"Delhi, India",100000.0,600000.0,2023-10-02T13:22:26Z,https://www.adzuna.in/details/4344577959?utm_medium=api&utm_source=b30e4a75,"What you will do: Understand the process of CaaStle business teams, KPIs, and pain points Build scalable data products, self-service tools, data cubes to analyze and present data associated with acquisition, retention, product performance, operations, client services, etc. Closely partner with data engineering, product, and business teams and participate in requirements capture, research design, data collection, dashboard generation, and translation of results into actionable insights that can …"
4547502405,Data analyst,Cadila Zydus healthcare pvt ltd,India,700000.0,1000000.0,2024-01-28T15:26:17Z,https://www.adzuna.in/details/4547502405?utm_medium=api&utm_source=b30e4a75,"Interpret data, analyze results using statistical techniques and provide ongoing reports Develop and implement databases, data collection systems, data analytics and other strategies that optimize statistical efficiency and quality Acquire data from primary or secondary data sources and maintain databases/data systems Identify, analyze, and interpret trends or patterns in complex data sets Filter and “clean” data by reviewing computer reports, printouts, and performance indicators to locate and…"
2398472037,Data Analyst,Azent Overseas,"Mumbai, Maharashtra",0.0,700000.0,2021-08-21T21:23:03Z,https://www.adzuna.in/details/2398472037?utm_medium=api&utm_source=b30e4a75,"Data auditing, validating and monitoring all data for accuracy. Create daily, weekly, monthly and quarterly MIS report. Coordinating & collecting the data Updated the data in CRM Skills:- Microsoft Excel"
2346068207,Data Analyst,Impact Guru,"Mumbai, Maharashtra",300000.0,900000.0,2021-07-28T21:11:50Z,https://www.adzuna.in/details/2346068207?utm_medium=api&utm_source=b30e4a75,"Experience - 2 years to 5 years. Location - Andheri (Mumbai) Job Responsibilities: Excellent problem solving and analytical skills - ability to develop hypotheses, understand and interpret data within the context of the product / business - solve problems and distill data into actionable recommendations.  Strong communication skills with the ability to confidently work with cross- functional teams across the globe and to present information to all levels of the organization.  Intellectual and…"
2776008869,Data Analyst,Ayoconnect Technology,India,400000.0,1000000.0,2021-12-30T04:23:05Z,https://www.adzuna.in/details/2776008869?utm_medium=api&utm_source=b30e4a75,"Responsible for gathering, crunching, collecting raw data. Own all data needs in the growth team and across key cross-functional initiatives from data extraction, dashboard creation, and data analysis. Provide insights and recommended actions as response to current situation, trend, as well as preventive one for better preparation. Collaborate with data engineering and cross-functional stakeholders to define data requirements, create dashboard, to drive business decisions and optimize business …"
3025811339,Data Analyst,Srijan Technologies,India,0.0,1200000.0,2022-04-05T05:16:09Z,https://www.adzuna.in/details/3025811339?utm_medium=api&utm_source=b30e4a75,"Role Description: You will be part of the data delivery team and will have the opportunity to develop a deep understanding of the domain/function. You will design and drive the work plan for the optimization/automation and standardization of the processes incorporating best practices to achieve efficiency gains. You will run data engineering pipelines, link raw client data with data model, conduct data assessment, perform data quality checks, and transform data using ETL tools. You will perform…"
2631733820,Data Analyst,MedCords,"Kota, Rajasthan",0.0,250000.0,2021-11-11T04:22:56Z,https://www.adzuna.in/details/2631733820?utm_medium=api&utm_source=b30e4a75,"Required Python ,R work in handling large-scale data engineering pipelines. Excellent verbal and written communication skills. Proficient in PowerPoint or other presentation tools. Ability to work quickly and accurately on multiple projects. Skills:- R Language and Python"
1171507526,Data Analyst,Ingrainhub,"Bangalore, Karnataka",300000.0,1200000.0,2019-06-05T21:12:09Z,https://www.adzuna.in/details/1171507526?utm_medium=api&utm_source=b30e4a75,"Good knowledge of SQL , Microsoft Excel One Programming language in SAA/Python or R Skills: R Programming, Python and MS-Excel"
1155089882,Data Analyst,TechNex Technologies Private Limited,"Pune, Maharashtra",,,2019-05-17T21:02:48Z,https://www.adzuna.in/details/1155089882?utm_medium=api&utm_source=b30e4a75,"Good Opportunity to work with an IT Company. Can Learn new things with out any experience. And many other good thing. Skills: MS Office, Typing and English Proficiency"
1353179357,Data Analyst,PayU,"Gurgaon, Haryana",700000.0,1500000.0,2019-11-27T10:00:27Z,https://www.adzuna.in/details/1353179357?utm_medium=api&utm_source=b30e4a75,"What you will be doing: As a part of the Global Credit Risk and Data Analytics team, this person will be responsible for carrying out analytical initiatives which will be as follows: - Dive into the data and identify patterns Development of end-to-end Credit models and credit policy for our existing credit products Leverage alternate data to develop best-in-class underwriting models Working on Big Data to develop risk analytical solutions Development of Fraud models and fraud rule engine Collab…"
1186010488,Data Analyst,Dotball Interactive Private Limited,"Bangalore, Karnataka",300000.0,600000.0,2019-06-20T21:36:33Z,https://www.adzuna.in/details/1186010488?utm_medium=api&utm_source=b30e4a75,"- Excellent skill in SQL and SQL tools - Fantasy Gamer - Excited to dive deep into data and derive insights - Decent communication and writing skills - Interested in Automated solutions - Startup and Growth Mindset - Analytical Data mining thinking - Python - Good programmer Skills: Python, Data Analytics and SQL server"
4665943640,Data Analyst,Grubbrr systems Pvt Ltd,"Ahmedabad, Gujarat",300000.0,900000.0,2024-04-26T16:15:16Z,https://www.adzuna.in/details/4665943640?utm_medium=api&utm_source=b30e4a75,"Job Responsibility: * Coordinate with CSMs to complete Pilot sales tracker, QBR Decks, End of pilot Decks *Monitor Daily Sales volume and alert CSMs of Locations with Low volume counts *Collaborate with other teammates to extract data figures, data entry (Google Sheets & Google Slides), and monitor key performance indicators (KPIs) to determine business initiatives’ success *Helping in Minor Integration Changes *Helping with Tickets and giving support when required * Basic product knowledge of …"
2577819167,Data Analyst,zyoin,"Bangalore, Karnataka",500000.0,2100000.0,2021-10-26T04:51:56Z,https://www.adzuna.in/details/2577819167?utm_medium=api&utm_source=b30e4a75,"Location: Bangalore Work Timing: 5 Days A Week Responsibilities include: • Ensure right stakeholders gets right information at right time • Requirement gathering with stakeholders to understand their data requirement • Creating and deploying reports • Participate actively in datamarts design discussions • Work on both RDBMS as well as Big Data for designing BI Solutions • Write code (queries/procedures) in SQL / Hive / Drill that is both functional and elegant, following appropriate design patt…"
2653476396,Data Analyst,CIEL HR Services,"Bangalore, Karnataka",0.0,1500000.0,2021-11-18T04:24:02Z,https://www.adzuna.in/details/2653476396?utm_medium=api&utm_source=b30e4a75,"Analytical tool: Redpoint Research and drawing insights Excellent written, oral and presentation skill Critical thinking and problem-solving skill Applications: SQL, Redpoint Description: Create unique fleet rich database using multi step matching rules Critical thinking in identifying record survivor ship rules for identifying master record Data roll-up at different levels, by providing linkage across databases Learn issues clients are currently facing with their dataset Foresee the problems i…"
3801594068,Data Analyst,Talent500 by ANSR,"Bangalore, Karnataka",1000000.0,3000000.0,2022-12-26T06:16:30Z,https://www.adzuna.in/details/3801594068?utm_medium=api&utm_source=b30e4a75,"Primary Duties and Responsibilities Experience with Informatica Multidomain MDM 10.4 tool suite preferred Partnering with data architects and engineers to ensure an optimal data model design and implementation for each MDM domain in accordance with industry and MDM best practices Works with data governance and business steward(s) to design, develop, and configure business rules for data validation, standardize, match, and merge Implementation of Data Quality policies, procedures and standards a…"
3189580389,Data Analyst,Beauto Systems Private Limited,India,100000.0,500000.0,2022-06-02T06:13:33Z,https://www.adzuna.in/details/3189580389?utm_medium=api&utm_source=b30e4a75,"Knowledge of database languages such as SQL, NoSQL, AWS services, linux or Python Knowledge in PowerBI Good to have knowledge in Kibana (visualization) and Kibana Development tools Analytical and problem-solving skills Proficiency in Microsoft Excel Data visualization (simple aggregation-based charts to complex geo-based visualizations) Accuracy and excellent attention to detail Strong written/verbal communication skills Qualifications and Experience 3 years’ experience in Data Analysis or rele…"
1422966819,Data Analyst,Yulu Bikes,"Bangalore, Karnataka",700000.0,1200000.0,2020-01-25T17:57:23Z,https://www.adzuna.in/details/1422966819?utm_medium=api&utm_source=b30e4a75,"Skill Set SQL, Python, Numpy,Pandas,Knowledge of Hive and Data warehousing concept will be a plus point. JD - Strong analytical skills with the ability to collect, organise, analyse and interpret trends or patterns in complex data sets and provide reports & visualisations. - Work with management to prioritise business KPIs and information needs Locate and define new process improvement opportunities. - Technical expertise with data models, database design and development, data mining and segmen…"
2821621318,Data Analyst,Humanitus Learning Science and Consultancy Pvt Limited,India,500000.0,700000.0,2022-01-18T04:28:04Z,https://www.adzuna.in/details/2821621318?utm_medium=api&utm_source=b30e4a75,"What You’ll Do Synthesize data to provide actionable insights to the leadership and the product team to influence strategy and growth. Build dashboards and tools, craft analysis, and tell stories with data to help our teams make better decisions. Track user performance data and map it to key learning metrics for deeper insights Monitor the performance of new features and recommend iterations based on your findings Partner with other stakeholders to scope features that solve user problems Owners…"
1171509599,Data Analyst,Rocket Kommerce,"Bangalore, Karnataka",500000.0,800000.0,2019-06-05T21:12:28Z,https://www.adzuna.in/details/1171509599?utm_medium=api&utm_source=b30e4a75,"Rocket Kommerce LLP: We are a Bangalore-based top-tier stealth-mode e-commerce enabling technology & solutions company powering several brands and leading e-commerce companies in India. Our product is a Cloud-based SaaS Inventory, Warehouse Management & Omni-Channel Solution. We have deep relationships with leading e-commerce companies in India and have processed over Rs 1500 crore of GMV. We are building out our product and technology platform and other services anticipating HUGE demand over n…"
5604419908,Data Analyst,Talent Pro,"Mumbai, Maharashtra",800000.0,1200000.0,2026-01-29T11:29:14Z,https://www.adzuna.in/details/5604419908?utm_medium=api&utm_source=b30e4a75,"Must have Strong SQL skills (queries, optimization, procedures, triggers), Hands-on experience with SQL, Automated through SQL. Looking for candidates having 2 years experience who has worked on large datasets with 1cr. datasets or more. Handling the challenges and breaking. Must have Advanced Excel skills Should have 3 years of relevant experience Should have Reporting  dashboard creation experience Should have Database development & maintenance experience Must have Strong communication for cl…"
4874338703,Data Analyst,Pluginlive,"Mumbai, Maharashtra",1000000.0,2000000.0,2024-09-24T11:44:30Z,https://www.adzuna.in/details/4874338703?utm_medium=api&utm_source=b30e4a75,"About the company DCB Bank is a new generation private sector bank with 442 branches across India.It is a scheduled commercial bank regulated by the Reserve Bank of India. DCB Bank’s business segments are Retail banking, Micro SME, SME, mid-Corporate, Agriculture, Government, Public Sector, Indian Banks, Co-operative Banks and Non-Banking Finance Companies. Job Description Department : Risk Analytics CTC: Max 18 Lacs Grade: Sr Manager/AVP Experience: Min 4 years of relevant experience We are lo…"
4411060128,Data Analyst,Stanza Living,India,600000.0,900000.0,2023-11-03T14:48:03Z,https://www.adzuna.in/details/4411060128?utm_medium=api&utm_source=b30e4a75,"Who we are: Stanza Living is India’s largest and fastest growing tech-enabled, managed accommodation company that delivers a hospitality-led living experience to migrant students and young working professionals across India. We have a full-stack business model that focuses on design, development and delivery of daily living solutions tailored to the young consumers’ lifestyle. From smartly-planned residences, host of amenities and services for hassle-free living to exclusive community engagemen…"
5211779275,Data Analyst,Wissen Technology,"Mumbai, Maharashtra",,,2025-05-23T06:51:59Z,https://www.adzuna.in/details/5211779275?utm_medium=api&utm_source=b30e4a75,"Key qualifications 1. Bachelor’s Degree required and any other relevant academic course a plus. 2. Strong domain knowledge of investment data 3. 5 years of data management, data analytics, or data governance experience in financial services 4. Experience in data analysis, exploratory analysis using SQL and formulating data quality rules. 5. Experience working with BI reporting tools like Tableau, Power BI is preferred. 6. Knowledge in coding, Python is a plus. 7. Prior experience working with D…"
5531896486,Data Analyst,Peak Hire Solutions,"Bangalore, Karnataka",800000.0,1100000.0,2025-12-07T05:40:05Z,https://www.adzuna.in/details/5531896486?utm_medium=api&utm_source=b30e4a75,"Required Skills: Strong SQL Expertise, Data Reporting & Analytics, Database Development, Stakeholder & Client Communication, Independent Problem-Solving & Automation Skills Review Criteria · Must have Strong SQL skills (queries, optimization, procedures, triggers) · Must have Advanced Excel skills · Should have 3 years of relevant experience · Should have Reporting  dashboard creation experience · Should have Database development & maintenance experience · Must have Strong communication for cli…"
5314053973,Data Analyst,Fisdom,"Bangalore, Karnataka",100000.0,100000.0,2025-07-21T05:27:56Z,https://www.adzuna.in/details/5314053973?utm_medium=api&utm_source=b30e4a75,"Background Fisdom is a leading digital wealth management platform. Fisdom platform (mobile apps and web apps) provides access to consumers to a wide bouquet of financial solutions – investments, savings and protection (and many more in the pipeline). Fisdom blends cutting-edge technology with conventional financial wisdom, awesome UX and friendly customer service to make financial products simpler and more accessible to millions of Indians. We are growing and constantly looking for high perform…"
5294954886,Data Analyst,Multi Recruit,"Bangalore, Karnataka",650000.0,850000.0,2025-07-10T05:24:09Z,https://www.adzuna.in/details/5294954886?utm_medium=api&utm_source=b30e4a75,"Bachelor's degree in Computer Science, Engineering, Operations Research, Math, or related discipline. Minimum 2 years of experience as an Analyst role preferred. Highly proficient in Microsoft Office and Windows based applications. SQL AND Excel Knowledge and Hands-on experience is a must. Demonstrated Analytical ability, results-oriented environment with external customer interaction. Excellent written and verbal communication and presentation skills and the ability to express thoughts logical…"
4282822424,Data Analyst,Recro,"Bangalore, Karnataka",,,2023-08-29T13:12:02Z,https://www.adzuna.in/details/4282822424?utm_medium=api&utm_source=b30e4a75,Job Description: Looking for someone with 2 years Strong experience over Python  SQL. Very proficient with the problem solving. Good Communication Skills. Skills:- Python
5831403235,Data Analyst,ORBIT & SKYLINE,"Mohali, Punjab",,,2026-08-07T07:33:23Z,https://www.adzuna.in/details/5831403235?utm_medium=api&utm_source=b30e4a75,"The candidate will be part of a team assisting in the delivery of efficient engineering support and solutions to customers while also contributing to the development of Indian semiconductor ecosystem. Roles & Responsibilities Designing and maintaining data systems and databases; this includes fixing coding errors and other data-related problems. Mining data from primary and secondary sources, then reorganizing said data in a format that can be easily read by either human or machine. Using stati…"
5831401994,Data Analyst,Orbit Skyline,"Mohali, Punjab",,,2026-08-07T07:32:32Z,https://www.adzuna.in/details/5831401994?utm_medium=api&utm_source=b30e4a75,"Designing and maintaining data systems and databases; this includes fixing coding errors and other data-related problems. Mining data from primary and secondary sources, then reorganizing said data in a format that can be easily read by either human or machine. Using statistical tools to interpret data sets, paying particular attention to trends and patterns that could be valuable for diagnostic and predictive analytics efforts. Demonstrating the significance of their work in the context of loc…"
5822435697,Data Analyst,EXL,India,,,2026-07-31T20:54:40Z,https://www.adzuna.in/details/5822435697?utm_medium=api&utm_source=b30e4a75,"Description Analyze and interpret large datasets to extract meaningful insights and support decision-making processes in the business. Responsibilities Collect, clean, and analyze data, create reports and dashboards, collaborate with stakeholders on data needs, perform statistical analysis Qualifications Bachelor's/Master's in any stream 2-5 years"
5849135077,Data Analyst,Mindteck  Limited,"Bangalore, Karnataka",,,2026-08-20T07:31:10Z,https://www.adzuna.in/details/5849135077?utm_medium=api&utm_source=b30e4a75,"Perform advanced analytics like cohort analysis, scenario analysis, time series analysis, and predictive analysis, creating powerful visualizations to communicate the results. Articulate assumptions, analyses and interpretations of data in a variety of modes. Engage with stakeholders to understand business requirements and develop detailed project plans with timelines. Design data models that define how the tables, columns, and data elements from different sources are connected and stored, base…"
5849135074,Data Analyst,Mindteck  Limited,"Bangalore, Karnataka",,,2026-08-20T07:31:10Z,https://www.adzuna.in/details/5849135074?utm_medium=api&utm_source=b30e4a75,"Very Good technical knowledge C++, C#, .Net Framework 4.5 or above Expertise in Threading, ADO.Net In-depth knowledge in event handling, exception handling Proficient in WCF, WPF - Concepts, Implementing Services, Consuming Services, Service Throttling, debugging, etc. Good knowledge on XML, JSON Strong familiarity with Windows Operating Systems Strong familiarity with TCP-IP and socket programming Strong familiarity with RS-232, RS422 and RS-485 serial communications Good in OOPS, Design Patte…"
5850376549,Data Analyst,TVS Credit Services,"Lucknow, Uttar Pradesh",,,2026-08-21T07:38:58Z,https://www.adzuna.in/details/5850376549?utm_medium=api&utm_source=b30e4a75,"Description : PL Eligibility Base preparation (SQL) Portfolio Risk segmentation through Decision Trees and other ML (Python) PL Portfolio quality improvement through specific Credit Actions Process Quality (end-to-end customer journey) documentation, deviations tracking, change implementation PL Portfolio review and MIS Functional Competencies : Strong Analytics background (Tableau dashboards, ML modeling) Very Strong with data tools: XL, SQL, python Good understanding of lending, credit risk E…"
5782538634,Data Analyst,Hitachi,India,,,2026-07-01T02:46:06Z,https://www.adzuna.in/details/5782538634?utm_medium=api&utm_source=b30e4a75,"Location: Maneja, Gujarat, India Job ID: R0123378 Date Posted: 2026-06-29 Company Name: HITACHI ENERGY TECHNOLOGY SERVICES PRIVATE LIMITED Profession (Job Category): Engineering & Science Job Schedule: Full time Remote: No Job Description: The opportunity The successful candidate will be part of an international Digital Engineering and Design team, supporting in create Business report using Power BI, SQL, SAP a t the Global Engineering Center in Vadodara, India, you’ll be part of a dynamic team…"
5839221139,Data Analyst,Tanla Platforms,"Navi Mumbai, Maharashtra",,,2026-08-13T07:31:47Z,https://www.adzuna.in/details/5839221139?utm_medium=api&utm_source=b30e4a75,"Key Deliverables: Analyze and model sales, product, and strategic business data to support management decisions. Create insightful reports, dashboards, and performance presentations using tools like Excel and Tableau. Manage CRM data accuracy, usage, and support, including funnel tracking and opportunity monitoring. Provide sales analytics, traffic reports, and revenue insights to the sales team regularly. Role Responsibilities: Collaborate with business strategy and sales teams to track target…"
5860541729,Data Analyst,Pinkerton,"Gurgaon, Haryana",,,2026-08-29T07:41:27Z,https://www.adzuna.in/details/5860541729?utm_medium=api&utm_source=b30e4a75,"Responsibilities Represent Pinkerton's core values of integrity, vigilance, and excellence. Support information management initiatives for the client's Global Security Team. Assess and manipulate large data sets with SQL, Tableau, Python, Excel, and other business intelligence tools. Perform ad-hoc reports and analysis, as directed. Run and modify SQL queries to generate list reports from data sources. Generate data, identify problems within datasets, and resolve data discrepancies. Create dash…"
5780531648,Data Analyst,Tribute Technology,"Hyderabad, Telangana",,,2026-06-29T02:40:35Z,https://www.adzuna.in/details/5780531648?utm_medium=api&utm_source=b30e4a75,"ABOUT TRIBUTE TECHNOLOGY: At Tribute Technology, we make end-of-life celebrations memorable, meaningful, and effortless through thoughtful and innovative technology solutions. Our mission is to help communities around the world celebrate life and pay tribute to those we love. Our comprehensive platform brings together software and technology to provide a fully integrated experience for all users, whether that is a family, a funeral home, or an online publisher. We are the market leader in the U…"
5879144086,Data Analyst,Vehant Technologies,"Noida, Ghaziabad",,,2026-09-11T07:39:42Z,https://www.adzuna.in/details/5879144086?utm_medium=api&utm_source=b30e4a75,"Responsibilities Managing and organizing large-scale video datasets, building automation tools, accurate performance evaluations of models. Tool Development & Automation Accuracy Computation & Reporting Team Collaboration & Coordination Skills: Sql, Data Management, Excel, Reporting, Data Analysis, Automation, Python Experience: 2.00-5.00 Years"
5876480361,Data Analyst,C1,"Hyderabad, Telangana",,,2026-09-09T07:37:40Z,https://www.adzuna.in/details/5876480361?utm_medium=api&utm_source=b30e4a75,"Key Deliverables Analyze, specify, and validate business needs for organizational systems Conduct data analysis, gather requirements, and ensure data integrity Develop and document functional and data requirements Collaborate with stakeholders to prioritize requirements and create data solutions Role Responsibilities Collect, interpret, and perform analysis on large data sets Develop reports to ensure data accuracy and consistency Manage and track the status of requirements and ensure project d…"
5876478910,Data Analyst,Caterpillar Inc,"Krishnagiri, Tamil Nadu",,,2026-09-09T07:36:45Z,https://www.adzuna.in/details/5876478910?utm_medium=api&utm_source=b30e4a75,"Role Definition Performs analytical tasks and initiatives on huge amount of data to support data-driven business decision and development. Responsibilities Direct the data gathering, data mining, data processing and data modelling for large datasets including the processing, cleansing, and verification of datasets used for analysis. . • Lead requirement definition and scope of data analyses, presenting and reporting possible business insights to management using data visualization technologies.…"
5876480303,Data Analyst,Red Hat,"Pune, Maharashtra",,,2026-09-09T07:37:36Z,https://www.adzuna.in/details/5876480303?utm_medium=api&utm_source=b30e4a75,"Job description What will you do I dentify data required to answer business questions and measure KPIs Create and maintain accessible data sets for a variety of business uses Perform data exploration and cleansing activities, evaluating quality measures and recommending improvements Describe, document, and visualize data sets, including developing or updating reports and dashboards; track usage of published assets Engage regularly with a wide range of stakeholders and functional teams to comple…"
5879552231,Data Analyst,Weekday AI,"Bangalore, Karnataka",,,2026-09-11T16:13:31Z,https://www.adzuna.in/details/5879552231?utm_medium=api&utm_source=b30e4a75,"This role is for one of Weekday’s clients Salary range: Rs 2400000 - Rs 3600000 (ie INR 24 - 36 LPA) Min Experience: 4 years Location: Bengaluru JobType: full-time In this role, you will help us maximize the value of our extensive data ecosystem, by evaluating Product-Market fit, and finding new ways to distribute our data assets. You will analyse user behavior on the platform to strengthen our Value Added Services (VAS) and help unlock the full commercial potential of our data. Requirements Re…"
5778444152,Data Analyst,Tribute Technology,"Hussainialam, Hyderabad",,,2026-06-27T07:29:56Z,https://www.adzuna.in/details/5778444152?utm_medium=api&utm_source=b30e4a75,"ABOUT TRIBUTE TECHNOLOGY: At Tribute Technology, we make end-of-life celebrations memorable, meaningful, and effortless through thoughtful and innovative technology solutions. Our mission is to help communities around the world celebrate life and pay tribute to those we love. Our comprehensive platform brings together software and technology to provide a fully integrated experience for all users, whether that is a family, a funeral home, or an online publisher. We are the market leader in the U…"
5887525507,Data Analyst,Wipro,"Hyderabad, Telangana",,,2026-09-17T16:14:05Z,https://www.adzuna.in/details/5887525507?utm_medium=api&utm_source=b30e4a75,"Job description: Job Description Role Purpose The purpose of the role is to provide effective technical support to the process and actively resolve client issues directly or through timely escalation to meet process SLAs. ͏ Do Support process by managing transactions as per required quality standards Fielding all incoming help requests from clients via telephone and/or emails in a courteous manner Document all pertinent end user identification information, including name, department, contact in…"
5895065465,Data Analyst,METRO/MAKRO,"Pune, Maharashtra",,,2026-09-23T16:15:29Z,https://www.adzuna.in/details/5895065465?utm_medium=api&utm_source=b30e4a75,"Company Description Metro Global Solution Center (MGSC) is internal solution partner for METRO, a €31 Billion international wholesaler with operations in more than 30 countries. The store network comprises a total of 623 stores in 21 countries, of which 522 offer out-of-store delivery (OOS), and 94 dedicated depots. In 12 countries, METRO runs only the delivery business by its delivery companies (Food Service Distribution, FSD). HoReCa and Traders are core customer groups of METRO. The HoReCa s…"
5894639200,Data Analyst,Artech Infosystems Private Limited,"Bangalore, Karnataka",,,2026-09-23T07:49:03Z,https://www.adzuna.in/details/5894639200?utm_medium=api&utm_source=b30e4a75,"Strong SQL skills – complex queries, joins, CTEs, subqueries, window functions, and data validation. Experience with data analysis, reporting, and data visualization . Proficiency in Excel and BI tools such as Power BI / Tableau . Ability to work with large datasets, identify trends, and provide actionable insights. Strong understanding of data cleaning, data quality, and data validation . Good communication skills and ability to work with business and technical stakeholders. Skills: Google Loo…"
5787185965,Data Analyst,EXL,India,,,2026-07-04T02:29:39Z,https://www.adzuna.in/details/5787185965?utm_medium=api&utm_source=b30e4a75,"Description In this position, the candidate will be responsible for building and maintaining BI and analytics solutions that transform data into actionable insights through interactive and easy-to-understand dashboards and reports. The role requires a strong background in data analysis, digital marketing analytics, and business intelligence, along with excellent analytical and communication skills. The selected candidate will work in a client-facing capacity, supporting end-to-end BI developmen…"
5889532312,Data Analyst,Ce,"Bangalore, Karnataka",,,2026-09-18T21:42:49Z,https://www.adzuna.in/details/5889532312?utm_medium=api&utm_source=b30e4a75,"About Media.net : Media.net is a leading, global ad tech company that focuses on creating the most transparent and efficient path for advertiser budgets to become publisher revenue. Our proprietary contextual technology is at the forefront of enhancing Programmatic buying, the latest industry standard in ad buying for digital platforms. The Media.net platform powers major global publishers and ad-tech businesses at scale across ad formats like display, video, mobile, native, as well as search. …"
5902912355,Data Analyst,Black Box,"Bangalore, Karnataka",,,2026-09-29T21:15:35Z,https://www.adzuna.in/details/5902912355?utm_medium=api&utm_source=b30e4a75,"Description Key Responsibilities Collect, clean, validate, and analyze structured and unstructured datasets. Develop and maintain automated data pipelines and reporting solutions. Build interactive and insightful dashboards using BI and visualization tools. Perform financial and operational data analysis to identify trends, anomalies, and opportunities. Support budgeting, forecasting, and performance reporting activities. Write efficient SQL queries for data extraction, transformation, and anal…"
5902918148,Data Analyst,U.S. Bank,"Chennai, Tamil Nadu",,,2026-09-29T21:28:01Z,https://www.adzuna.in/details/5902918148?utm_medium=api&utm_source=b30e4a75,"At U.S. Bancorp India, we’re on a journey to do our best. We believe it takes all of us to bring our shared ambition to life, and each person is unique in their potential. A career with U.S. Bancorp India gives you a wide, ever-growing range of opportunities to discover what makes you thrive at every stage of your career. Try new things, learn new skills and discover what you excel at—all from Day One. Job Description Responsible for working on big data/analytics projects that gather and integr…"
5879936345,Data Analyst,Financial Services,India,100000.0,800000.0,2026-09-11T21:35:13Z,https://www.adzuna.in/details/5879936345?utm_medium=api&utm_source=b30e4a75,"Job Description Business Objectives Recommendations Collaborate with various teams to collect business data to complete timely analysis/Reporting. Take ownership of data extraction, processing, cleansing, and verifying the integrity of data used for analysis Design, develop, and deploy analytical solutions, build data-based insights (qualitative and quantitative) to measure the efficiency and effectiveness of business and data processes. Explore and stay current on industry best practices, brin…"
4686704999,Data Analyst,,"Hyderabad, Telangana",,,2024-05-10T07:38:52Z,https://www.adzuna.in/details/4686704999?utm_medium=api&utm_source=b30e4a75,"Data gathering/ Research Assist team leaders in gathering and verifying data through primary and secondary research methods using internal and external tools Organize, participate and document Project related interviews, focus group discussions etc. Connect with support teams (L&D, HR, Finance, Marketing teams etc.) to collate data and provide clients any required data, analyses, reports or recommendations. Verify accuracy of data and identify missing or conflicting data Share insights from fin…"
4686706169,Data Analyst,,"Gurgaon, Haryana",,,2024-05-10T07:38:59Z,https://www.adzuna.in/details/4686706169?utm_medium=api&utm_source=b30e4a75,"Job brief We are looking for a passionate professional to turn data into information, information into insight and insight into business decisions. The responsibilities include monitoring full ETL lifecycle activities to include requirements analysis and design, developing analysis and reporting capabilities, continuously monitoring performance and quality control plans to identify improvements. The candidate should also be capable enough to handle adhoc data requirements into the required form…"
4686707449,Data Analyst,,"Mumbai, Maharashtra",,,2024-05-10T07:39:09Z,https://www.adzuna.in/details/4686707449?utm_medium=api&utm_source=b30e4a75,"1. MIS generation 2. Coordination and Administration 3. Secretarial support Job Description: 1. Preparing daily / weekly reports / MIS by gathering data from dashboards and by using advanced excel tools like, V lookup, H lookup, pivot table, formulas etc. 2. Coordination with various departments / divisions. 3. Managing correspondence with various employees in the organization. 4. Arrangements and coordination for workshops / seminars / exhibitions etc. 5. Providing secretarial support. Kindly …"
4686705015,Data Analyst,,"Chennai, Tamil Nadu",,,2024-05-10T07:38:52Z,https://www.adzuna.in/details/4686705015?utm_medium=api&utm_source=b30e4a75,"HiWelcome students, ladies, to allDo u have a free time? Do u want earnings? But u want to know genuine websites and jobs. I will guide u. Computer job nternational project u will get. If u want WhatsApp 2. Details r all in text file. U want to buy RS.150 only"
5728422548,Data Analyst,MM Staffing & Career Consultants,"Mumbai, Maharashtra",,,2026-05-14T02:26:01Z,https://www.adzuna.in/details/5728422548?utm_medium=api&utm_source=b30e4a75,"Job Description: Key Responsibilities: -  Design, develop, and maintain daily/weekly/monthly MIS reports and dashboards using Excel and Tableau.  Automate reporting processes using advanced Excel functions (Power Query, Pivot Tables, Macros/VBA).  Create interactive Tableau dashboards to visualize KPIs and business metrics.     Collaborate with cross-functional teams to gather reporting requirements and deliver customized solutions. Ensure data accuracy, integrity, and consistency across…"
4686707835,Data Analyst,,"Mumbai, Maharashtra",,,2024-05-10T07:39:12Z,https://www.adzuna.in/details/4686707835?utm_medium=api&utm_source=b30e4a75,"Acquire data from primary or secondary data sources and maintain databases/data systems Expertise in processing large datasets for data transformation like data cleansing, scrubbing, profiling Interpreting, filtering, cleaning and analyzing data using advanced Excel, Access and SQL. Provided the company with charts and graphs from the data analyzed to identify trends and patterns for further decision making. Working with data structures and algorithms. Familiarity with NoSQL NewSQL databases Re…"
4686706356,Data Analyst,,"Bangalore, Karnataka",,,2024-05-10T07:39:00Z,https://www.adzuna.in/details/4686706356?utm_medium=api&utm_source=b30e4a75,"Its primary target is to create and maintain data pipelines. Strong analytics skills are needed to understand complex data sets . Experience in running database service on Cloud would be needed to run a secure data platform. The ideal candidate must have strong experience using a variety of data mining/data analysis methods, using a variety of data tools, building and implementing data models. They must have a proven ability to drive business results with their data-based insights. They must be…"
4686706181,Data Analyst,,"Mumbai, Maharashtra",,,2024-05-10T07:38:59Z,https://www.adzuna.in/details/4686706181?utm_medium=api&utm_source=b30e4a75,"Job description Conducting the Validation & Audit at MSO & local operators Digital Head-ends to ensure System has complying the TRAI Norms & also help to stop Revenue leakages. Technical support & activated on the trouble shooting at DTH, MSO local operator level to ensure for channels are running on the ground. Antipiracy activities TS recording on ground level and analyze"
4686707833,Data Analyst,,"Navi Mumbai, Maharashtra",,,2024-05-10T07:39:12Z,https://www.adzuna.in/details/4686707833?utm_medium=api&utm_source=b30e4a75,"Our Client have a wealth of experience in enterprise solution.They are recognized for their knowledge and experience on enterprise business systems.They are constantly finding innovative ways to blend people,process and technologies to deliver bottom-line benefits to their customers. Job Location :- Navi Mumbai Qualification :- BE/B TECH(IT/Computers) , MCA, MSE(IT/Computers) Experience :- 0 to 1 Year 1) Software programming experience. 2) Advanced with Python. 3) Strong knowledge of SQL Server…"
5727195252,Data Analyst,Mancraft Consulting,"Noida, Ghaziabad",600000.0,850000.0,2026-05-13T02:09:30Z,https://www.adzuna.in/details/5727195252?utm_medium=api&utm_source=b30e4a75,"Job Description: Primary Role Description: - The incumbent will be a part of the advanced descriptive and predictive analytics sub-function to work on analysis/reports/dashboards related to superior risk selection, risk assessment and risk management. To help data evidence-based decision-making for the business to enable better understanding and management of the health risks. The role requires a good understanding of Health Insurance domain in India and various drivers of profitability. Respon…"
5727264729,Data Analyst,Acura Solution,"Mumbai, Maharashtra",,,2026-05-13T02:15:44Z,https://www.adzuna.in/details/5727264729?utm_medium=api&utm_source=b30e4a75,"Job Description: 2-3 years of experience in Data Analysis, preferably in the aviation industry.  Proficient in data analysis tools such as SQL, Python, or SAS.  Experience with data visualization tools (Tableau, Power BI, etc.).  Strong analytical and problem-solving skills. Key Responsibilities 1 Gather, clean, and preprocess data from various sources at Agos Aviation, ensuring data accuracy, completeness, and integrity for analysis. 2 Apply statistical and analytical techniques to derive m…"
5903559901,Data Analyst,U.S. Bank,"Chennai, Tamil Nadu",,,2026-09-30T11:41:34Z,https://www.adzuna.in/details/5903559901?utm_medium=api&utm_source=b30e4a75,"At U.S. Bancorp India, we're on a journey to do our best. We believe it takes all of us to bring our shared ambition to life, and each person is unique in their potential. A career with U.S. Bancorp India gives you a wide, ever-growing range of opportunities to discover what makes you thrive at every stage of your career. Try new things, learn new skills and discover what you excel at-all from Day One. Job Description Responsible for working on big data/analytics projects that gather and integr…"
5636068235,Data Analyst / Data Scientist,Weekday AI,India,,,2026-02-19T19:58:34Z,https://www.adzuna.in/details/5636068235?utm_medium=api&utm_source=b30e4a75,"This role is for one of the Weekday's clients Salary range: Rs 300000 - Rs 1200000 (ie INR 3-12 LPA) Min Experience: 1 years Location: Remote (India) JobType: full-time We’re looking for a passionate and detail-oriented Data Analyst / Data Scientist to join our growing analytics team. This role is perfect for someone who thrives on solving complex problems using data, loves diving deep into datasets, and has a strong command of analytical tools and programming languages. As a Data Analyst / Dat…"
5859054156,Data Analyst / Data Engineer,Pavago,India,,,2026-08-28T06:29:01Z,https://www.adzuna.in/details/5859054156?utm_medium=api&utm_source=b30e4a75,"Data Analyst / Data Engineer – SQL, BI & Data Analytics | Remote Position Type: Full-Time, Remote Working Hours: U.S. Business Hours About the Role At Pavago, one of our clients is hiring a Data Analyst / Data Engineer to transform business data into reliable reporting, actionable insights, and scalable data systems. Depending on your experience, this role may lean toward data analytics, business intelligence, data engineering, or a combination of these areas . You’ll work with SQL, dashboards,…"
5892808458,SENIOR DATA ANALYST,Vrinda International,"Chennai, Tamil Nadu",1300000.0,1700000.0,2026-09-21T17:55:11Z,https://www.adzuna.in/details/5892808458?utm_medium=api&utm_source=b30e4a75,"Senior Data Analyst Summary We are seeking a commercially driven and highly analytical Senior Data Analyst to transform intricate datasets into strategic insights that fuel decision-making and revenue growth. This pivotal position serves as the critical link between business stakeholders and data engineering teams, guaranteeing that data assets are accurate, robustly modeled, and primed for immediate use. The successful candidate will possess a unique blend of advanced SQL proficiency, sharp bu…"
5889347971,Junior Data Analyst,Rezo.ai,"Noida, Ghaziabad",,,2026-09-18T19:47:47Z,https://www.adzuna.in/details/5889347971?utm_medium=api&utm_source=b30e4a75,"Role Summary We are seeking a detail-oriented Data Analyst to join our team. In this role, you will transform raw data into actionable insights, supporting day-to-day data operations and executive reporting. You will query relational databases, build dynamic dashboards, and perform ad-hoc analyses to answer critical business questions. Key Responsibilities • Database Management & SQL: Write, run, and optimize SQL queries to extract, aggregate, and clean data from relational databases. • Dashboa…"
4739597153,HR Data Analyst,"Opalforce, Inc.","Naduvathi, Bangalore",,,2024-06-16T14:59:21Z,https://www.adzuna.in/details/4739597153?utm_medium=api&utm_source=b30e4a75,"Job Title: HR Data Analyst Location: Bangalore High Level JD: Collect, compile, and analyze HR Data for trends with regard to recruitment practices, retention/turnover and apply this data to make recommendatios Excellent knowledge of Microsoft Office Suite, and Excel and the ability to createcharts,spreadsheets and presentations Compiling reports of data results and presenting these to senior managers. A minimum of 2 years experience in similar role. Ability to work with cross-functional teams …"
5727816928,Statistician/Data Analyst,Two95 International Inc.,India,,,2026-05-13T12:52:17Z,https://www.adzuna.in/details/5727816928?utm_medium=api&utm_source=b30e4a75,"Location: Karnataka Experience: 5 Years Qualification: Bachelor’s / Master’s Degree in Statistics Job Summary: We are seeking an experienced Statistician / Data Analyst to support survey analysis, statistical modeling, and data-driven planning activities for Master Plan / Urban Development projects. The candidate should possess strong analytical skills and experience in handling large datasets, statistical tools, and reporting. Kannada language proficiency is mandatory. Key Responsibilities: Pe…"
5904081326,(Senior) Data Analyst,Euromonitor,India,,,2026-09-30T21:57:29Z,https://www.adzuna.in/details/5904081326?utm_medium=api&utm_source=b30e4a75,"About Euromonitor Euromonitor International leads the world in data analytics and research into markets, industries, economies and consumers. We provide truly global insight and data on thousands of products and services; we are the first destination for organisations seeking growth. With our guidance, our clients can make bold, strategic decisions with confidence. Overview of the role The Analytics team is currently looking for a data analyst and programmer to work on improving Analytics proce…"
5850375378,Data Analyst Lead,TechnoGen,"Hyderabad, Telangana",,,2026-08-21T07:38:39Z,https://www.adzuna.in/details/5850375378?utm_medium=api&utm_source=b30e4a75,"Objectives and Responsibilities Lead discussions with partner teams to elicit, define, and understand objectives, goals, and desired insights Provide subject matter expertise on the data needs for project deliveries, scope, acceptance, installation and deployment. Interpret data, analyze results using statistical techniques and provide ongoing reports Develop and implement databases, data collection systems, data analytics and other strategies that optimize statistical efficiency and quality Ac…"
5761791107,Data Analyst Trainee,Lead India,"Bangalore, Karnataka",,,2026-06-13T02:35:26Z,https://www.adzuna.in/details/5761791107?utm_medium=api&utm_source=b30e4a75,"Job Description: Data Analyst Lead India is looking for dynamic data analysts who has passion for data and a relentless focus on execution and delivery. The candidate is expected to come up with insightful data presentation to make informed decisions. As a data analyst your roles and responsibilities will be as follows: Experience: 0-1 years Technical Skills: Strong Work experience on Azure (App Insights, Stream analytics, Data Factory, Data warehouse, Azure Storage accounts, Blobs) Strong anal…"
5503837644,Data Analyst Intern,Optimspace,"Pune, Maharashtra",,,2025-11-20T00:58:19Z,https://www.adzuna.in/details/5503837644?utm_medium=api&utm_source=b30e4a75,"Job Title: Data Analyst Intern Company: Optimspace.in Location: Remote Duration: 3 months Opportunity: Full-time based on performance, with a Certificate of Internship Optimspace.in Optimspace.in offers practical experience for students and graduates in data analysis to enhance career prospects and provide hands-on learning opportunities in a real-world environment. Responsibilities Collect, clean, and analyze datasets. Develop reports and data visualizations. Identify trends and patterns in da…"
2853928162,Sr. Data Analyst,Multi Recruit,"Bangalore, Karnataka",600000.0,1500000.0,2022-01-30T04:34:29Z,https://www.adzuna.in/details/2853928162?utm_medium=api&utm_source=b30e4a75,"Managing and designing the reporting environment, including data sources, security, and metadata. Preparing reports for executive leadership that effectively communicate trends, patterns, and predictions using relevant data Establish KPIs to measure the effectiveness of business decisions. Work with management to prioritize business and information needs. Provide data solutions, tools, and capabilities to enable self-service frameworks for data consumers Provide expertise and translate the busi…"
5896658058,GSS Data Analyst,SLB,"Navi Mumbai, Maharashtra",,,2026-09-24T16:16:45Z,https://www.adzuna.in/details/5896658058?utm_medium=api&utm_source=b30e4a75,"The GSS Data Analyst is responsible for delivering safe, efficient, and reliable PSD to customers. The GSS Data Analyst identifies opportunities to improve service delivery, implements standard work, and manages risk during service delivery. This person monitors the well to provide timely and factual information to our customers; maintains sensors, equipment, and data acquisition equipment; and delivers high quality data to the customer at the wellsite. Ensure job deliverables are accurate and …"
5257287584,Sr Data Analyst,Jobizo,India,700000.0,1000000.0,2025-06-19T05:22:26Z,https://www.adzuna.in/details/5257287584?utm_medium=api&utm_source=b30e4a75,"About the Role: We are looking for a skilled and detail-oriented Data Analyst to join our team. The ideal candidate will be responsible for collecting, analyzing, and interpreting large datasets to support data-driven decision-making across the organization. Proficiency in MongoDB and SQL is essential for this role. Key Responsibilities: Collect, process, and clean structured and unstructured data from various sources. Analyze data using SQL queries and MongoDB aggregations to extract insights.…"
5877283849,Senior Data Analyst,Capco,India,,,2026-09-09T21:30:25Z,https://www.adzuna.in/details/5877283849?utm_medium=api&utm_source=b30e4a75,"Job Title: Data Analyst (Python Pyspark) About Us “Capco, a Wipro company, is a global technology and management consulting firm. Awarded with Consultancy of the year in the British Bank Award and has been ranked Top 100 Best Companies for Women in India 2022 by Avtar & Seramount . With our presence across 32 cities across globe, we support 100 clients across banking, financial and Energy sectors. We are recognized for our deep transformation execution and delivery. WHY JOIN CAPCO? You will wor…"
5879541884,"Data Analyst, NYC",Stripe,India,,,2026-09-11T16:11:16Z,https://www.adzuna.in/details/5879541884?utm_medium=api&utm_source=b30e4a75,"Who we are About Stripe Stripe is a financial infrastructure platform for businesses. Millions of companies—from the world’s largest enterprises to the most ambitious startups—use Stripe to accept payments, grow their revenue, and accelerate new business opportunities. Our mission is to increase the GDP of the internet, and we have a staggering amount of work ahead. That means you have an unprecedented opportunity to put the global economy within everyone’s reach while doing the most important …"
5834753332,Data Analyst Intern,Portcast,India,,,2026-08-09T20:48:38Z,https://www.adzuna.in/details/5834753332?utm_medium=api&utm_source=b30e4a75,"Portcast is a venture-backed, Singapore-based logistics technology startup building a real-time transportation visibility platform for global supply chains. We help shippers, manufacturers, and logistics service providers turn data into decisions and decisions into measurable business impact. Our platform goes beyond visibility. Portcast enables action at scale by surfacing the right risks early, helping teams prevent detention and demurrage, accelerate exception management, and close invoices …"
5896262149,Senior Data Analyst,PVH,"Bangalore, Karnataka",,,2026-09-24T10:02:35Z,https://www.adzuna.in/details/5896262149?utm_medium=api&utm_source=b30e4a75,"Senior Data Analyst Design Your Future at PVHSenior Data Analyst POSITION TITLE: Senior Data Analyst (Business Analytics) – PVH Supply Data & Analytics DEPT. /DIVISION: Corporate Supply Data & Analytics POSITION REPORTS TO: Senior Manager, Data & Analytics LOCATION: Bangalore, India POSITION SUMMARY: The Supply Chain Data & Analytics (SDA) team sits within the corporate Supply Chain function at PVH and is passionate about powering a world-class, data-driven Supply Chain by delivering exceptiona…"
5882499682,Data Analyst Fintech,EXL,"Bangalore, Karnataka",,,2026-09-13T16:12:49Z,https://www.adzuna.in/details/5882499682?utm_medium=api&utm_source=b30e4a75,"Data Analyst – Strategic Finance Looking to work on high-impact data problems that influence business and financial decisions? This role sits at the intersection of data analytics, financial insights, and operational strategy, helping teams make faster and better decisions using data."
5831401587,Senior Data Analyst,Flipkart,"Bangalore, Karnataka",,,2026-08-07T07:31:54Z,https://www.adzuna.in/details/5831401587?utm_medium=api&utm_source=b30e4a75,"We are looking for data analyst expertized on Oracle SQL/PLSQL having 5-8 years of experience. Successful candidates will work as a part of a team and help us in building SQL Automations. As we help our clients target, measure and improve mission-critical business metrics and generate demonstrable return on investment, our SQL data analysts enjoy a high level of responsibility and immediate client interactions. In addition to technical excellence, you are expected to be excellent communicators …"
5543508791,Senior Data Analyst,r3 Consultant,"Pune, Maharashtra",,,2025-12-16T02:52:13Z,https://www.adzuna.in/details/5543508791?utm_medium=api&utm_source=b30e4a75,"Description R3 Consultant is looking for a Senior Data Analyst to join our team in Pune. This full-time, on-site position offers an exciting opportunity to delve into data analytics within the staffing and recruiting industry, where your insights will drive strategic decision-making. As a Senior Data Analyst, you will play a pivotal role in analyzing complex datasets to identify trends, patterns, and insights that will enhance our recruitment strategies and improve client outcomes. You will col…"
5255506978,Senior Data Analyst,NeoGenCode Technologies Pvt Ltd,"Bangalore, Karnataka",1000000.0,1800000.0,2025-06-18T05:21:07Z,https://www.adzuna.in/details/5255506978?utm_medium=api&utm_source=b30e4a75,"Position : Senior Data Analyst Experience Required : 5 to 8 Years Location : Hyderabad or Bangalore (Work Mode: Hybrid – 3 Days WFO) Shift Timing : 11:00 AM – 8:00 PM IST Notice Period : Immediate Joiners Only Job Summary : We are seeking a highly analytical and experienced Senior Data Analyst to lead complex data-driven initiatives that influence key business decisions. The ideal candidate will have a strong foundation in data analytics, cloud platforms, and BI tools, along with the ability to…"
5866922840,Data Analyst - Bilingual,Numerator,"Vadodara, Gujarat",,,2026-09-02T16:15:26Z,https://www.adzuna.in/details/5866922840?utm_medium=api&utm_source=b30e4a75,"We’re reinventing the market research industry. Let’s reinvent it together. At Numerator, we believe tomorrow’s success starts with today’s market intelligence. We empower the world’s leading brands and retailers with unmatched insights into consumer behavior and the influencers that drive it. Data Analyst (Bi-lingual French) As a Data Analyst (Bi-lingual French), you will help Numerator improve its ever-growing database of products by using our custom-designed platform to match real-world prod…"
5838750295,Junior Data Analyst,Happiest Resume,"Delhi, India",100000.0,700000.0,2026-08-13T02:55:55Z,https://www.adzuna.in/details/5838750295?utm_medium=api&utm_source=b30e4a75,"We are seeking a highly motivated and detail-oriented Junior Data Analyst to join our team. As a Junior Data Analyst, you will play a key role in supporting the Data Science, Risk, and Business teams by developing analytical datasets, dashboards, and actionable insights that enable data-driven lending decisions, portfolio monitoring, and operational excellence. You will work closely with cross-functional teams to identify business needs and develop data-driven solutions. Your primary responsibi…"
5838750293,Junior Data Analyst,Happiest Resume,"New Delhi, Delhi",100000.0,700000.0,2026-08-13T02:55:55Z,https://www.adzuna.in/details/5838750293?utm_medium=api&utm_source=b30e4a75,"We are seeking a highly motivated and detail-oriented Junior Data Analyst to join our team. As a Junior Data Analyst, you will play a key role in supporting the Data Science, Risk, and Business teams by developing analytical datasets, dashboards, and actionable insights that enable data-driven lending decisions, portfolio monitoring, and operational excellence. You will work closely with cross-functional teams to drive business growth and improve operational efficiency. Your primary responsibil…"
5889534396,Big Data Analyst,MedTourEasy,India,600000.0,600000.0,2026-09-18T21:43:39Z,https://www.adzuna.in/details/5889534396?utm_medium=api&utm_source=b30e4a75,"Company Overview MedTourEasy, a global healthcare company, provides you the informational resources needed to evaluate your global options. MedTourEasy provides analytical solutions to our partner healthcare providers globally. Job Title Big Data Analyst Job Location Bengaluru, India Gurgaon, India New Delhi, India Noida, India International Years of Experience 0-5 years Job Description As a Big Data Analyst at Medtoureasy, you will play a crucial role in analyzing and interpreting complex data…"
5899834139,HR Data Analyst,Opalforce,"Naduvathi, Bangalore",,,2026-09-26T21:03:51Z,https://www.adzuna.in/details/5899834139?utm_medium=api&utm_source=b30e4a75,"Job Title: HR Data Analyst Location: Bangalore High Level JD: Collect, compile, and analyze HR Data for trends with regard to recruitment practices, retention/turnover and apply this data to make recommendatios Excellent knowledge of Microsoft Office Suite, and Excel and the ability to createcharts,spreadsheets and presentations Compiling reports of data results and presenting these to senior managers. A minimum of 2 years experience in similar role. Ability to work with cross-functional teams"
5876949352,Senior Data Analyst,Unison Group,"Bangalore, Karnataka",,,2026-09-09T16:12:53Z,https://www.adzuna.in/details/5876949352?utm_medium=api&utm_source=b30e4a75,"We are looking for an experienced Data Analyst with experience in data analytics, data management, and business intelligence. The ideal candidate should have strong hands-on experience with SAP BW or SAP ECC, along with Databricks, SQL, and reporting/visualization tools. The candidate will be responsible for understanding and analyzing data flows from SAP systems, extracting and transforming data using SQL and Databricks, and developing reports and dashboards to provide actionable business insi…"
4801651938,Lead Data Analyst,Ipsos,"Bangalore, Karnataka",,,2024-07-31T03:21:15Z,https://www.adzuna.in/details/4801651938?utm_medium=api&utm_source=b30e4a75,"Description Analytics Team Lead Location: Bangalore Division: Ipsos Healthcare Ipsos is one of the world's largest research companies and currently the only one primarily managed by researchers, ranking as a 1 full-service research organization for four consecutive years. With over 75 different data-driven solutions, and presence in 90 markets, Ipsos brings together research, implementation, methodological, and subject-matter experts from around the world, combining thematic and technical exper…"
4830811997,Senior Data Analyst,PVH,India,,,2024-08-19T03:31:25Z,https://www.adzuna.in/details/4830811997?utm_medium=api&utm_source=b30e4a75,"Design Your Future at PVH Senior Data Analyst POSITION TITLE: Senior Data Analyst (Business Analytics) – PVH Supply Data & Analytics DEPT. /DIVISION: Corporate Supply Data & Analytics POSITION REPORTS TO: Senior Manager, Data & Analytics LOCATION: Bangalore, India POSITION SUMMARY: The Supply Chain Data & Analytics (SDA) team sits within the corporate Supply Chain function at PVH and is passionate about powering a world-class, data-driven Supply Chain by delivering exceptional data & analytics,…"
5832092606,Master Data Analyst,SPX FLOW,"Bangalore, Karnataka",,,2026-08-07T20:57:12Z,https://www.adzuna.in/details/5832092606?utm_medium=api&utm_source=b30e4a75,"Job Title: Master Data Analyst Accountability: SPX FLOW is a global multi-industry manufacturing leader with approximately $2.1 billion in annual revenue, operations in more than 35 countries and close to 7,000 employees. The company's highly-specialized, engineered products and innovative technologies are helping to meet rising global demand for electricity and processed foods and beverages, particularly in emerging markets. The Global Data Analytics and Data Governance Team is responsible for…"
5857750991,Mirai- Data Analyst,Hindustan Unilever Hul,"Bangalore, Karnataka",,,2026-08-27T07:41:45Z,https://www.adzuna.in/details/5857750991?utm_medium=api&utm_source=b30e4a75,"ABOUT UNILEVER: Every individual here can bring their purpose to life through their work. Join us and you ll be surrounded by inspiring leaders and supportive peers. Among them, you ll channel your purpose, bring fresh ideas to the table, and simply be you. As you work to make a real impact on the business and the world, we ll work to help you become a better you. Role Overview: We are undertaking enterprise transformation program focused on simplifying and modernizing its core systems and data…"
5887225910,Senior Data Analyst,PVH Corp.,"Bangalore, Karnataka",,,2026-09-17T11:11:15Z,https://www.adzuna.in/details/5887225910?utm_medium=api&utm_source=b30e4a75,"Design Your Future at PVH Senior Data Analyst POSITION TITLE: Senior Data Analyst (Business Analytics) - PVH Supply Data & Analytics DEPT. /DIVISION: Corporate Supply Data & Analytics POSITION REPORTS TO: Senior Manager, Data & Analytics LOCATION: Bangalore, India POSITION SUMMARY: The Supply Chain Data & Analytics (SDA) team sits within the corporate Supply Chain function at PVH and is passionate about powering a world-class, data-driven Supply Chain by delivering exceptional data & analytics,…"
4386563730,Data Analyst (SQL),Merito,"Mumbai, Maharashtra",600000.0,800000.0,2023-10-22T13:49:04Z,https://www.adzuna.in/details/4386563730?utm_medium=api&utm_source=b30e4a75,"About us :- Merito is a curated talent platform where we identify, assess, and connect candidates for matching job opportunities. We are working with the mission to change the way hiring is done. The company is founded by a team of alumni from IIM Ahmedabad, McKinsey with more than 2 decades of experience in recruitment, training, and coaching. About our Client :- Our client is an InsureTech platform backed by a major retail giant that offers contextual insurance in a blink. We are a team of co…"
5803805785,Data Analyst (MDM),Arrow,India,,,2026-07-17T03:19:40Z,https://www.adzuna.in/details/5803805785?utm_medium=api&utm_source=b30e4a75,"Position: Data Analyst (MDM) Job Description: The Data Analyst is responsible for supporting and delivering value to the business through Data & Analytics initiatives. This position will work closely with subject matter experts, data stewards, and analytics teams to understand challenges and opportunities in core business data. It will support accuracy and consistency of data through analysis and maintenance activities. What You’ll Be Doing Work with key stakeholders to document and understand …"
5879148827,Data Analyst IV,Aditi Tech Consulting Private Limited,"Hyderabad, Telangana",,,2026-09-11T07:42:19Z,https://www.adzuna.in/details/5879148827?utm_medium=api&utm_source=b30e4a75,"Summary: As a Data Analyst supporting the Customer Success Group, you will be pivotal in providing essential data analytics, reporting, and business intelligence to drive actionable insights. Reporting to a Manager, you will be responsible for fulfilling data requests, performing detailed analysis, and delivering results that directly support key business decisions within the Customer Success organization. Your role will begin with foundational reporting and data requests, with responsibilities…"
5861792459,Executive Data Analyst,Ascendion Digital Solutions Private Limited,"Bangalore, Karnataka",,,2026-08-30T07:38:33Z,https://www.adzuna.in/details/5861792459?utm_medium=api&utm_source=b30e4a75,I 9 Executions of all Collabera consultants Verifying I9 supporting documents prior to executing it E-Verify: Audit I9s and file I9/everify to be compliant with DHS/USCIS Assisting immigration team Verify I-9 form and support docs for all Collabera hires very precisely Learn new I-9 processes and e-verify processes through USCIS webinars and educate internal teams with new updates. Communicate I-9 and e-verify issues with manager and resolve them using USCIS resources and I-9 central help. Reso…
5759043518,Senior Data Analyst,EXL,"Bangalore, Karnataka",,,2026-06-11T02:35:35Z,https://www.adzuna.in/details/5759043518?utm_medium=api&utm_source=b30e4a75,"Description Title : Senior Data Analyst Location : Bangalore Write and optimize complex SQL queries for data extraction, transformation, and analysis Design and develop interactive dashboards and reports using Power BI / Tableau Perform data analysis to identify trends, patterns, and actionable insights Work with stakeholders to gather requirements and translate them into analytical solutions Ensure data accuracy, consistency, and performance optimization Automate reporting processes and improv…"
5861221729,Senior Data Analyst,ShyftLabs,"Noida, Ghaziabad",,,2026-08-29T20:48:34Z,https://www.adzuna.in/details/5861221729?utm_medium=api&utm_source=b30e4a75,"Position Overview: We are seeking a Senior Data Analyst to support our Data team projects, with a primary focus on business intelligence development, analytical asset creation, and data-driven insights. The role will contribute directly to the delivery of the first phase of the project and will be responsible for developing scalable, high-quality analytical solutions. The ideal candidate is highly experienced with Power BI and Looker, has strong Python and SQL skills, and brings strong analytic…"
5859122596,Senior Data Analyst,Robosoft Technologies,"Navi Mumbai, Maharashtra",,,2026-08-28T07:37:32Z,https://www.adzuna.in/details/5859122596?utm_medium=api&utm_source=b30e4a75,We are looking for a skilled and proactive Senior Data Analyst to take ownership of multiple designated client accounts. The role involves applying analytics and visualization techniques to drive better business decision-making while independently managing client interactions and expectations. Responsibilities: Understand client brief and translate into tasks and analysis steps. Deliver insights and results back to the client independently. Design solutions to integrate with various downstream …
5859122633,Senior Data Analyst,Robosoft Technologies,"Bangalore, Karnataka",,,2026-08-28T07:37:33Z,https://www.adzuna.in/details/5859122633?utm_medium=api&utm_source=b30e4a75,We are looking for a skilled and proactive Senior Data Analyst to take ownership of multiple designated client accounts. The role involves applying analytics and visualization techniques to drive better business decision-making while independently managing client interactions and expectations. Responsibilities: Understand client brief and translate into tasks and analysis steps. Deliver insights and results back to the client independently. Design solutions to integrate with various downstream …
5804445148,Data Analyst (MDM),Arrow Electronics,"Bangalore, Karnataka",,,2026-07-17T10:43:22Z,https://www.adzuna.in/details/5804445148?utm_medium=api&utm_source=b30e4a75,"Position: Data Analyst (MDM) Job Description: The Data Analyst is responsible for supporting and delivering value to the business through Data & Analytics initiatives. This position will work closely with subject matter experts, data stewards, and analytics teams to understand challenges and opportunities in core business data. It will support accuracy and consistency of data through analysis and maintenance activities. What You'll Be Doing  Work with key stakeholders to document and understand…"
4928060322,Sr. Data Analyst,OnActive,India,2000000.0,2500000.0,2024-11-06T12:42:06Z,https://www.adzuna.in/details/4928060322?utm_medium=api&utm_source=b30e4a75,"Senior Data Analyst Experience: 8 Years Work Mode: Remote Full Time Responsibilities: • Analyze large datasets to uncover trends, patterns, and insights to support business goals. • Design, develop, and manage interactive dashboards and reports using Power BI. • Utilize DAX and SQL for advanced data querying and data modeling. • Create and manage complex SQL queries for data extraction, transformation, and loading processes. • Collaborate with cross-functional teams to understand data requireme…"
5727281348,Data Analyst - Surat,Mspire Ventures,"Vadodara, Gujarat",1200000.0,3600000.0,2026-05-13T02:19:05Z,https://www.adzuna.in/details/5727281348?utm_medium=api&utm_source=b30e4a75,"Job Description: Job Title: Data Analyst Location: Surat Salary: upto 25k CTC Key Responsibilities:  Collect, validate, and follow up on data related to client-side and operations activities.  Review and verify client invoices to ensure accuracy and completeness.  Prepare and maintain riders’ payout and summary reports on a regular basis.  Present accurate data insights and reports to management as required.  Collaborate with cross-functional teams to ensure data accuracy and timely submis…"
5903790561,Data Analyst – Startups,AI CERTs - India,"Gandhinagar, Gujarat",,,2026-09-30T16:17:46Z,https://www.adzuna.in/details/5903790561?utm_medium=api&utm_source=b30e4a75,"Role Overview We’re building out the analytics and intelligence layer across all our startups, and we need a Data Analyst to help make that happen. You’ll turn raw product and business data into clear insights, dashboards, and recommendations that shape decisions across multiple teams. Responsibilities Build and maintain KPI dashboards using Power BI, Tableau, or Looker Studio Write advanced SQL queries to extract, clean, and model data from multiple sources Use Python (Pandas, NumPy) for deepe…"
5852143534,Senior Data Analyst,Mastercard,India,,,2026-08-22T11:20:29Z,https://www.adzuna.in/details/5852143534?utm_medium=api&utm_source=b30e4a75,"Our Purpose _Mastercard powers economies and empowers people in 200 countries and territories worldwide. Together with our customers, we're helping build a sustainable economy where everyone can prosper. We support a wide range of digital payments choices, making transactions secure, simple, smart and accessible. Our technology and innovation, partnerships and networks combine to deliver a unique set of products and services that help people, businesses and governments realize their greatest po…"
5856975398,Data Analyst III,F5 Networks,India,,,2026-08-26T20:58:59Z,https://www.adzuna.in/details/5856975398?utm_medium=api&utm_source=b30e4a75,"At F5, we strive to bring a better digital world to life. Our teams empower organizations across the globe to create, secure, and run applications that enhance how we experience our evolving digital world. We are passionate about cybersecurity, from protecting consumers from fraud to enabling companies to focus on innovation. Everything we do centers around people. That means we obsess over how to make the lives of our customers, and their customers, better. And it means we prioritize a diverse…"
5775399105,Senior Data Analyst,EXL,"Bangalore, Karnataka",,,2026-06-25T02:41:56Z,https://www.adzuna.in/details/5775399105?utm_medium=api&utm_source=b30e4a75,"Description Title : Senior Data Analyst Location: Bangalore Analyze large and complex datasets using SQL to extract actionable insights Develop and maintain interactive dashboards using Power BI/Tableau for business reporting Translate business requirements into data-driven solutions and recommendations Apply strong problem-solving skills to identify trends, gaps, and opportunities Work closely with stakeholders to support strategic decision-making Ensure data accuracy, quality, and consistency…"
5856941120,Senior Data Analyst,F5 Networks,India,,,2026-08-26T20:42:47Z,https://www.adzuna.in/details/5856941120?utm_medium=api&utm_source=b30e4a75,"At F5, we strive to bring a better digital world to life. Our teams empower organizations across the globe to create, secure, and run applications that enhance how we experience our evolving digital world. We are passionate about cybersecurity, from protecting consumers from fraud to enabling companies to focus on innovation. Everything we do centers around people. That means we obsess over how to make the lives of our customers, and their customers, better. And it means we prioritize a diverse…"
5851860321,Flight Data Analyst,Ametek Instruments India,"Bangalore, Karnataka",,,2026-08-22T07:33:28Z,https://www.adzuna.in/details/5851860321?utm_medium=api&utm_source=b30e4a75,"Key Responsibilities: Perform detailed readouts and analysis of FDR and CVR data to support aircraft health monitoring and return-to-service processes. Construct and manage dataframes for organizing and analyzing large datasets from flight recorders. Collaborate with cross-functional teams, including engineers and data scientists, to interpret and present findings. Develop and maintain documentation and reports related to FDR/CVR readouts and data analysis. Ensure compliance with industry stand…"
5830641274,CX Data Analyst,Multitude,"Gurgaon, Haryana",,,2026-08-06T20:57:42Z,https://www.adzuna.in/details/5830641274?utm_medium=api&utm_source=b30e4a75,"About the Role We are looking for a highly analytical and detail-oriented Data Analyst to join our Customer Experience & Collections (CUX) team. This role plays a critical part in supporting business decisions through data-driven insights, operational reporting, and performance analysis across Customer Operations and Collections. The ideal candidate has strong analytical capabilities, excellent Power BI and Excel skills, and experience working with large datasets to build dashboards, identify t…"
5114699182,Senior Data Analyst,Vector Labs Tech,India,700000.0,2000000.0,2025-03-28T06:23:51Z,https://www.adzuna.in/details/5114699182?utm_medium=api&utm_source=b30e4a75,"We are seeking a highly motivated and experienced Senior Data Analyst to join our dynamic team. The ideal candidate will be responsible for extracting, analyzing, and interpreting complex datasets to provide actionable insights that drive business strategy and improve operational efficiency. You will play a crucial role in transforming raw data into meaningful information, enabling stakeholders to make informed decisions. Responsibilities: Data Extraction and Manipulation: Extract data from var…"
3529447917,HR Data Analyst,Hiringhut Solutions Pvt Ltd,India,800000.0,1500000.0,2022-09-28T06:58:21Z,https://www.adzuna.in/details/3529447917?utm_medium=api&utm_source=b30e4a75,"Job Title: HR Data Analyst Reports To: HR Business Partner Duties Collect and compile HR metrics and data from the global HR team using internal SharePoint site as well as Excel files from local HRIS systems Analyze data on a monthly, quarterly, and annual basis regarding recruitment and attrition Prepare data reports using Excel and Power Point Ensure data integrity by identifying issues and fixing errors either in SharePoint or local HRIS system Track recruitment costs on a regional and globa…"
5904046108,Senior Data Analyst,Okta,"Bangalore, Karnataka",,,2026-09-30T21:19:23Z,https://www.adzuna.in/details/5904046108?utm_medium=api&utm_source=b30e4a75,"Secure Every Identity, from AI to Human Identity is the key to unlocking the potential of AI. Okta secures AI by building the trusted, neutral infrastructure that enables organizations to safely embrace this new era. This work requires a relentless drive to solve complex challenges with real-world stakes. We are looking for builders and owners who operate with speed and urgency and execute with excellence. This is an opportunity to do career-defining work. We're all in on this mission. If you a…"
5859122619,Senior Data Analyst,Robosoft Technologies,"Bangalore, Karnataka",,,2026-08-28T07:37:33Z,https://www.adzuna.in/details/5859122619?utm_medium=api&utm_source=b30e4a75,"Front face customer to understand data requirements and analyse data Build solutions and systems to manage data and analytics workload Improve reliability, quality, and time-to-market of our suite of software solutions. Responsibilities: Using SQL/Python to extract data from primary and secondary sources Performing analysis to assess quality and meaning of data Working with programmers, engineers, and management heads to identify process improvement. Opportunities, propose system modifications,…"
5859120210,Senior Data Analyst,GSPANN,"Pune, Maharashtra",,,2026-08-28T07:36:56Z,https://www.adzuna.in/details/5859120210?utm_medium=api&utm_source=b30e4a75,"Job description About the Company : Headquartered in California, U.S.A., GSPANN provides consulting and IT services to global clients. We help clients transform how they deliver business value by helping them optimize their IT capabilities, practices, and operations with our experience in retail, high-technology, and manufacturing. With five global delivery centers and 1900 employees, we provide the intimacy of a boutique consultancy with the capabilities of a large IT services firm. Role: Seni…"
5859120231,Senior Data Analyst,GSPANN,"Hyderabad, Telangana",,,2026-08-28T07:36:57Z,https://www.adzuna.in/details/5859120231?utm_medium=api&utm_source=b30e4a75,"Job description About the Company : Headquartered in California, U.S.A., GSPANN provides consulting and IT services to global clients. We help clients transform how they deliver business value by helping them optimize their IT capabilities, practices, and operations with our experience in retail, high-technology, and manufacturing. With five global delivery centers and 1900 employees, we provide the intimacy of a boutique consultancy with the capabilities of a large IT services firm. Role: Seni…"
5859122606,Senior Data Analyst,Robosoft Technologies,"Navi Mumbai, Maharashtra",,,2026-08-28T07:37:32Z,https://www.adzuna.in/details/5859122606?utm_medium=api&utm_source=b30e4a75,"Front face customer to understand data requirements and analyse data Build solutions and systems to manage data and analytics workload Improve reliability, quality, and time-to-market of our suite of software solutions. Responsibilities: Using SQL/Python to extract data from primary and secondary sources Performing analysis to assess quality and meaning of data Working with programmers, engineers, and management heads to identify process improvement. Opportunities, propose system modifications,…"
5859120187,Senior Data Analyst,GSPANN,"Delhi, India",,,2026-08-28T07:36:56Z,https://www.adzuna.in/details/5859120187?utm_medium=api&utm_source=b30e4a75,"Job description About the Company : Headquartered in California, U.S.A., GSPANN provides consulting and IT services to global clients. We help clients transform how they deliver business value by helping them optimize their IT capabilities, practices, and operations with our experience in retail, high-technology, and manufacturing. With five global delivery centers and 1900 employees, we provide the intimacy of a boutique consultancy with the capabilities of a large IT services firm. Role: Seni…"
5700497169,Data Analyst Fintech,EXL,"Bangalore, Karnataka",,,2026-04-16T01:58:39Z,https://www.adzuna.in/details/5700497169?utm_medium=api&utm_source=b30e4a75,"Description Data Analyst – Strategic Finance Looking to work on high-impact data problems that influence business and financial decisions? This role sits at the intersection of data analytics, financial insights, and operational strategy, helping teams make faster and better decisions using data. Responsibilities What you’ll do: • Analyze large financial and operational datasets to generate actionable insights • Build and maintain dashboards and reporting frameworks for business stakeholders • …"
5897057190,Master Data Analyst,Rockwell Automation,India,,,2026-09-24T21:19:23Z,https://www.adzuna.in/details/5897057190?utm_medium=api&utm_source=b30e4a75,"Rockwell Automation is a global technology leader focused on helping the world’s manufacturers be more productive, sustainable, and agile. With more than 28,000 employees who make the world better every day, we know we have something special. Behind our customers - amazing companies that help feed the world, provide life-saving medicine on a global scale, and focus on clean water and green mobility - our people are energized problem solvers that take pride in how the work we do changes the worl…"
4801449881,Data Analyst_Offshore,Photon Group,India,,,2024-07-31T03:06:28Z,https://www.adzuna.in/details/4801449881?utm_medium=api&utm_source=b30e4a75,"Description We are looking for a data analyst to join our team and help us transform data into insights and actions. You will be responsible for collecting, cleaning, analyzing, and reporting on various data sources and business processes. You will also collaborate with other teams and stakeholders to provide data-driven solutions and recommendations. Responsibilities Collect and integrate data from various sources, such as databases, APIs, files, and web services Perform data quality checks an…"
5866927385,Sr. Data Analyst,Straatix Partners,"Bangalore, Karnataka",2000000.0,4000000.0,2026-09-02T16:16:39Z,https://www.adzuna.in/details/5866927385?utm_medium=api&utm_source=b30e4a75,"Define and obtain source data required to deliver insights and use cases. ● Determine data mapping and join multiple data sets across various sources. ● Develop methods to highlight and report data inconsistencies for user review. ● Propose and assist with suitable data migration sets for stakeholders. ● Support teams in processing data migration sets and coordinating migration activities. ● Plan, track, and coordinate the data migration team and migration run-book. ● Collaborate with stakehold…"
5810418509,Senior Data Analyst,Advanced Energy,"Pune, Maharashtra",,,2026-07-22T10:44:10Z,https://www.adzuna.in/details/5810418509?utm_medium=api&utm_source=b30e4a75,"Senior Data Analyst About Advanced Energy Advanced Energy Industries, Inc. (NASDAQ: AEIS), enables design breakthroughs and drives growth for leading semiconductors and industrial customers. Our precision power and control technologies, along with our applications know-how, inspire close partnerships and innovation in thin-film and industrial manufacturing. We are proud of our rich heritage, award-winning technologies, and we value the talents and contributions of all Advanced Energy's employee…"
5734913126,Sr Data Analyst,Hunarstreet Technologies Pvt Ltd,"Gujarat, India",500000.0,600000.0,2026-05-20T12:46:00Z,https://www.adzuna.in/details/5734913126?utm_medium=api&utm_source=b30e4a75,"Job Title: Senior Data Analyst Location: Sharnam Metrolinks, Amraiwadi, Ahmedabad Working Days: 6 Days a Week Department: MDO Reporting To: COO Employment Type: Full-Time Job Summary We are seeking a highly analytical and detail-oriented Senior Data Analyst to lead data management, reporting, automation, and system development initiatives across the organization. The role focuses on transforming raw data into meaningful insights, designing and implementing automated systems, strengthening data …"
5891897081,Data Analyst 5B,Genpact,India,,,2026-09-20T21:47:29Z,https://www.adzuna.in/details/5891897081?utm_medium=api&utm_source=b30e4a75,"Data Analyst Ready to turn bold ideas into real-world impact? At Genpact, we don’t just adapt to change, we lead it. AI and digital innovation are transforming the way businesses work, and we’re at the forefront of it. Genpact’s AI Gigafactory , our industry-first accelerator, exemplifies how we scale advanced technology solutions to help global enterprises work smarter, grow faster, and transform at scale. Whether tackling complex challenges through large-scale models or agentic AI , our break…"
5594451979,Westfield Data Analyst,EXL,India,,,2026-01-22T00:53:03Z,https://www.adzuna.in/details/5594451979?utm_medium=api&utm_source=b30e4a75,"Description Role : Business Data Analyst Location – Gurugram Exp : 3-6 Must-Have: 3-6 years of work experience in large-scale Data applications doing Data Analysis, Data Mapping, and Data Transformations. - Experience in Snowflake, Any relational DB , requirements gathering - Very good Verbal & Written communication & tracking skills - SQL - Should have exposure to data consolidation, transformation, and standardization - Experience with Insurance (Property and Casualty Insurance - P&C) Domain …"
5889552061,Senior Data Analyst,Sagility,India,,,2026-09-18T21:48:29Z,https://www.adzuna.in/details/5889552061?utm_medium=api&utm_source=b30e4a75,"Sagility combines industry-leading technology and transformation-driven BPM services with decades of healthcare domain expertise to help clients draw closer to their members. The company optimizes the entire member/patient experience through service offerings for clinical, case management, member engagement, provider solutions, payment integrity, claims cost containment, and analytics. Sagility has more than 25,000 employees across 5 countries. Experience with large-scale data analysis projects…"
5881163479,Manager Data Analyst,Fidelity International,India,,,2026-09-12T21:39:49Z,https://www.adzuna.in/details/5881163479?utm_medium=api&utm_source=b30e4a75,"About the Opportunity Job Type: Permanent Application Deadline: 20 September 2026 Job Description Title Manager Data Analyst Department AMP Platform, Research & Sustainability Location Bengaluru, India Reports To Data Product Owner, Business Analyst Level 5 We are proud to have been helping our clients build better financial futures, for over 50 years. How have we achieved this? By working together - and supporting each other - all over the world. So, join our Asset Management Platform (AMP) De…"
5897049816,Lead Data Analyst,Ameriprise,India,,,2026-09-24T21:16:13Z,https://www.adzuna.in/details/5897049816?utm_medium=api&utm_source=b30e4a75,"About Our Company Ameriprise India LLP has been providing client based financial solutions to help clients plan and achieve their financial objectives for 20 years. We are part of Ameriprise Financial Inc., a US financial planning company headquartered in Minneapolis with a global presence and diversified financial services leader with more than $1.5 trillion in assets under management, administration and advisement as of year-end 2024. The firm’s focus areas include Asset Management and Advice…"
5897952954,Business and Data analyst,"NTT America, Inc.",India,,,2026-09-25T11:14:36Z,https://www.adzuna.in/details/5897952954?utm_medium=api&utm_source=b30e4a75,"India T&M Special Bonus: Req ID: 391134 NTT DATA strives to hire exceptional, innovative and passionate individuals who want to grow with us. If you want to be part of an inclusive, adaptable, and forward-thinking organization, apply now. We are currently seeking a Business and Data analyst to join our team in Remote, Karnataka (IN-KA), India (IN). Role Summary We are currently seeking an experienced Business and Data analyst to join our team in Remote, Karnataka (IN-KA), India (IN) to support …"
5664713683,Data Analyst - India,InnovMetric Logiciels|Software,India,,,2026-03-14T08:44:52Z,https://www.adzuna.in/details/5664713683?utm_medium=api&utm_source=b30e4a75,"You are curious, analytical, and a strong team player? Great, you’re exactly the kind of person we’d love to meet! The Gateway team is looking for a Data Analyst to create data enablement tools that support InnovMetric’s Digital Thread. In this role, y ou will design dashboards, build data integrations, and create API based solutions that make dimensional data accessible to internal teams, partners, and customers. You will collaborate closely with stakeholders across the organization and with i…"
5796209691,Business Data Analyst,EXL,India,,,2026-07-11T03:39:30Z,https://www.adzuna.in/details/5796209691?utm_medium=api&utm_source=b30e4a75,"Description Role : Business Data Analyst Location – Gurugram Exp : 3-6 Years Must-Have: 3-6 years of work experience in large-scale Data applications doing Data Analysis, Data Mapping, and Data Transformations. - Experience in Snowflake, Any relational DB , BRD creation, requirements gathering - Very good Verbal & Written communication & tracking skills - SQL, business requirement gatherings, Source-to-target mappings (STTM) writing - Should have exposure to data consolidation, transformation, …"
5854877634,Lead Data Analyst,Purview India Consulting And Services Llp,"Pune, Maharashtra",,,2026-08-25T07:40:54Z,https://www.adzuna.in/details/5854877634?utm_medium=api&utm_source=b30e4a75,"Description We are seeking a highly skilled Lead Data Analyst with extensive experience in the banking domain. The ideal candidate will possess a strong technical background in data analysis, particularly with tools like PySpark, Hadoop, and SQL. You will play a crucial role in leading data projects, managing stakeholder expectations, and driving data-driven decision-making within the organization. If you are a results-oriented professional with a passion for data and team leadership, we invite…"
5857745620,Senior Data Analyst,Thryve Digital,"Chennai, Tamil Nadu",,,2026-08-27T07:40:32Z,https://www.adzuna.in/details/5857745620?utm_medium=api&utm_source=b30e4a75,"Senior Data Analyst Location: Chennai Shift: 3PM-12AM (Both ways cab) Mode of Work: Hybrid Job Summary: This role provides an opportunity to work in a dynamic environment, delivering quality solutions to global customers. The candidate should have strong data analytics expertise, including Power BI, ServiceNow, Python, SQL, and PostgreSQL. Responsibilities include developing and managing BI solutions, creating reports and dashboards, and ensuring effective communication of data-driven strategie…"
5867249928,Business Data Analyst,EXL,"Noida, Ghaziabad",,,2026-09-02T21:41:02Z,https://www.adzuna.in/details/5867249928?utm_medium=api&utm_source=b30e4a75,"Description Role : Business Data Analyst Location – Gurugram Exp : 3-6 Years Must-Have: 3-6 years of work experience in large-scale Data applications doing Data Analysis, Data Mapping, and Data Transformations. - Experience in Snowflake, Any relational DB , BRD creation, requirements gathering - Very good Verbal & Written communication & tracking skills - SQL, business requirement gatherings, Source-to-target mappings (STTM) writing - Should have exposure to data consolidation, transformation, …"
5848369759,Lead Data Analyst,Cohere Health,"Hyderabad, Telangana",,,2026-08-19T20:50:47Z,https://www.adzuna.in/details/5848369759?utm_medium=api&utm_source=b30e4a75,"Opportunity Overview: We are seeking a Technical, Hands-on Manager to lead a team responsible for building and maintaining high-quality healthcare market datasets and analytics that power internal insights, benchmarking, and external thought leadership . In this role, you will lead a team of data analysts responsible for the development, quality assurance, and ongoing refresh of market data assets. You will combine strong people leadership with technical expertise in analytics and data science …"
5548655909,Portfolio Data Analyst,Arcana Analytics,"Coimbatore, Tamil Nadu",,,2025-12-19T23:54:35Z,https://www.adzuna.in/details/5548655909?utm_medium=api&utm_source=b30e4a75,"We are seeking dynamic Portfolio Data Analysts to join our team and collaborate closely with our founders, financial analysts, product managers, and engineers. In this role, you'll play a pivotal part in supporting our client onboarding and success team. You'll need a strong ability to analyze financial data, translate insights into actionable strategies, and effectively guide clients through our platform's features to drive their success. Responsibilities: Analyze and onboard portfolio data fr…"
5896262152,Senior Data Analyst,PVH,"Bangalore, Karnataka",,,2026-09-24T10:02:35Z,https://www.adzuna.in/details/5896262152?utm_medium=api&utm_source=b30e4a75,"Senior Data Analyst About Us: We are brand builders who focus our passion and creativity to build Calvin Klein and TOMMY HILFIGER into the most desirable lifestyle brands in the world and at the same time position PVH as one of the best-performing brand groups in our sector. Guided by our values and enabled by our scale and global reach, we are driving fashion forward for good, as one team with one vision and one plan. That’s the Power of Us, that’s the Power of PVH. One of PVH’s greatest stren…"
4441560027,Marketing Data Analyst,LNW TECHNOLOGY CO LTD,India,100000.0,700000.0,2023-11-19T14:53:13Z,https://www.adzuna.in/details/4441560027?utm_medium=api&utm_source=b30e4a75,"Marketing Operations is a critical team under the Marketing Communication BPO Operations umbrella that prioritizes the lead lifecycle, manages day-to-day marketing initiatives, and the organization’s MarTech stack. A Marketing and Communication Support company providing customer care & support, technical support services, and back-end support to accounts engaged in interactive online sports gaming activities. In this role, you can expect to: ● Work in a Business Process Outsourcing (BPO) Module…"
5729677452,Hiring for Data Analyst,RECEX,"Pune, Maharashtra",100000.0,600000.0,2026-05-15T02:13:52Z,https://www.adzuna.in/details/5729677452?utm_medium=api&utm_source=b30e4a75,"Job Description: We’re seeking a seasoned Data Analyst to manage the accuracy, structure, and integrity of the Management Library dataset. You’ll oversee data consistency across companies, executives, and industries. The role requires both strategic thinking and hands-on data management— perfect for someone who enjoys ensuring structured precision in complex, high-volume datasets. You’ll collaborate across engineering, and operation teams to ensure every profile, transcript, and company in our …"
5879885002,Principal Data Analyst,Zynga,"Bangalore, Karnataka",,,2026-09-11T21:16:40Z,https://www.adzuna.in/details/5879885002?utm_medium=api&utm_source=b30e4a75,"Level Up Your Career with Zynga! At Zynga, we bring people together through the power of play. As a global leader in interactive entertainment and a proud label of Take-Two Interactive, our games have been downloaded over 6 billion times—connecting players in 175 countries through fun, strategy, and a little friendly competition. From thrilling casino spins to epic strategy battles, mind-bending puzzles, and social word challenges, our diverse game portfolio has something for everyone. Fan-favo…"
5634174711,Senior Data Analyst,TekClan,"Chennai, Tamil Nadu",800000.0,1200000.0,2026-02-18T11:46:13Z,https://www.adzuna.in/details/5634174711?utm_medium=api&utm_source=b30e4a75,"About the Role: We are looking for a detail-oriented and analytical Senior Data Analyst to join our Chennai team. The ideal candidate will have strong skills in T-SQL/PL-SQL, data platform management, and reporting tools, along with experience in database administration and performance tuning. You will play a key role in transforming raw data into meaningful insights that drive business decisions. Key Responsibilities: Write complex queries using T-SQL / PL-SQL to extract, manipulate, and analy…"
2398472113,Data Analyst - SQL,Unnati,"Mumbai, Maharashtra",700000.0,1000000.0,2021-08-21T21:23:15Z,https://www.adzuna.in/details/2398472113?utm_medium=api&utm_source=b30e4a75,"Want to join the trailblazing Fintech company which is leveraging software and technology to change the face of short-term financing in India Our client is an innovative Fintech company that is revolutionizing the business of short term finance. The company is an online lending startup that is driven by an app-enabled technology platform to solve the funding challenges of SMEs by offering quick-turnaround, paperless business loans without collateral. It counts over 2 million small businesses ac…"
5859122691,Lead Data Analyst,Robosoft Technologies,"Bangalore, Karnataka",,,2026-08-28T07:37:34Z,https://www.adzuna.in/details/5859122691?utm_medium=api&utm_source=b30e4a75,"We are looking for a meticulous and analytical Data Analyst with strong SQL skills and cloud experience to join our team. The ideal candidate will have a solid background in data analysis, statistical techniques, with specific expertise in using SQL to manage and analyze large datasets in cloud environments. You will be responsible for interpreting data, analyzing results, and providing actionable insights to drive business decisions. Responsibilities: Gather data from various sources, ensuring…"
5859122632,Lead Data Analyst,Robosoft Technologies,"Navi Mumbai, Maharashtra",,,2026-08-28T07:37:33Z,https://www.adzuna.in/details/5859122632?utm_medium=api&utm_source=b30e4a75,"We are looking for a meticulous and analytical Data Analyst with strong SQL skills and cloud experience to join our team. The ideal candidate will have a solid background in data analysis, statistical techniques, with specific expertise in using SQL to manage and analyze large datasets in cloud environments. You will be responsible for interpreting data, analyzing results, and providing actionable insights to drive business decisions. Responsibilities: Gather data from various sources, ensuring…"
5871276654,Quantitative Data Analyst,Zivanta Analytics,"Kolkata, West Bengal",,,2026-09-05T07:37:49Z,https://www.adzuna.in/details/5871276654?utm_medium=api&utm_source=b30e4a75,About the job: We are seeking a highly motivated Quantitative Data Analyst to join our dynamic team. He/she will play a critical role in conducting quantitative analysis and supporting valuation processes. This position offers an exciting opportunity to work with innovative technology and contribute to strategic decision-making in the US banking sector. Key Responsibilities: Perform detailed analysis and modeling of US Banking products using advanced quantitative techniques and industry-standar…
5811668061,Product Data Analyst,Wroots Global Private Limited,"Indore, Madhya Pradesh",,,2026-07-23T06:47:39Z,https://www.adzuna.in/details/5811668061?utm_medium=api&utm_source=b30e4a75,About the role Were hiring a Product Data Analyst to be the analytical backbone of how we build ship and improve our grant management platform Youll partner directly with PMs designers and engineers to turn product usage data into decisions what to build what to kill what to double down on This is a highleverage role your dashboards experiments and analyses will shape roadmap priorities and how thousands of foundations nonprofits and grantmakers experience our product Youll own the full analyti…
5833585588,Data Analyst - Operations,Kroll,"Bangalore, Karnataka",,,2026-08-08T20:46:00Z,https://www.adzuna.in/details/5833585588?utm_medium=api&utm_source=b30e4a75,"Description Kroll is seeking a detail-oriented and analytical Data Analyst - Operations, to support their service line Operations teams in driving operational excellence across a global consulting practice. This role is ideal for an early-career professional who enjoys working with data, improving processes, supporting business operations, and collaborating with stakeholders across multiple functions. The Operations Analyst will help ensure the accuracy of operational data, support business rep…"
5889598742,Data Analyst - Senior,FedEx,India,,,2026-09-18T22:02:54Z,https://www.adzuna.in/details/5889598742?utm_medium=api&utm_source=b30e4a75,"What can you expect as a FedEx team member? Career Mobility and Development : When you join FedEx, you’re joining a team with possibilities that literally span the world—from opportunities for advancement and location transfer, to training and leadership programs. Total Compensation and Benefits Package : We want to keep our employees for a long time, so we offer competitive benefits, opportunities for flexible work arrangements, and programs to support well-being. Equal Opportunities Our great…"
5844317861,Senior Data Analyst,Guardant Health,India,,,2026-08-16T21:03:09Z,https://www.adzuna.in/details/5844317861?utm_medium=api&utm_source=b30e4a75,"Company Description Guardant Health is a leading precision oncology company focused on guarding wellness and giving every person more time free from cancer. Founded in 2012, Guardant® is transforming patient care and accelerating new cancer therapies by providing critical insights into what drives disease through its advanced blood and tissue tests, real-world data and AI analytics. Guardant tests help improve outcomes across all stages of care, including screening to find cancer early, monitor…"
2570069948,Data Analyst- Marketing,Unnati,"Delhi, India",0.0,1500000.0,2021-10-23T04:34:53Z,https://www.adzuna.in/details/2570069948?utm_medium=api&utm_source=b30e4a75,"Are you looking for a team that is built on comradeship, lets you embrace your individuality and also pays you a handsome compensation? Then read on. Our client is one of the largest shopping and cashback website, that enables all its members to find products from various e-commerce sites like Amazon, Flipkart, Myntra, CliQ etc while allowing to comparing prices for similar products across these sites and also earning handsome cashback or discount coupons for every purchase. Their app and websi…"
5710497456,Senior Data Analyst,Hevo Data,"Bangalore, Karnataka",,,2026-04-26T02:01:30Z,https://www.adzuna.in/details/5710497456?utm_medium=api&utm_source=b30e4a75,"About Hevo: Hevo ( www.hevodata.com ) is a simple, intuitive, and powerful No-code Data Pipeline platform that enables companies to consolidate data from multiple software for faster analytics. Hevo powers data analytics for 2000 data-driven companies across multiple industry verticals, including Cult.fit, Postman, ThoughtSpot, Jawa Motorcycles. By automating complex data integration tasks, Hevo allows data teams to focus on deriving groundbreaking insights and driving their businesses forward.…"
5873204171,CDP - Data Analyst,Tekion,India,,,2026-09-06T21:24:43Z,https://www.adzuna.in/details/5873204171?utm_medium=api&utm_source=b30e4a75,"About Tekion: Positively disrupting an industry that has not seen any innovation in over 50 years, Tekion has challenged the paradigm with the first and fastest cloud-native automotive platform that includes the revolutionary Automotive Retail Cloud (ARC) for retailers, Automotive Enterprise Cloud (AEC) for manufacturers and other large automotive enterprises and Automotive Partner Cloud (APC) for technology and industry partners. Tekion connects the entire spectrum of the automotive retail eco…"
5727252233,Business and Data Analyst,Acura Solution,"Kanpur, Kanpur Dehat",,,2026-05-13T02:14:33Z,https://www.adzuna.in/details/5727252233?utm_medium=api&utm_source=b30e4a75,"Job Description: The Business and Data Analyst is required to work closely with business stakeholders, project managers and users converting business requirements into technology solutions, overseeing their documentation and deployment, create intelligent designs for reports and dashboard based on analysis of data. The responsibilities include: • Elicits, analyses, specifies, and validates the business needs of stakeholders, (Customers and/or end users). • Collaborates with project sponsors to …"
5899555688,Senior Data Analyst,QuaXigma IT solutions Private Limited,"Andhra Pradesh, India",700000.0,2500000.0,2026-09-26T16:20:50Z,https://www.adzuna.in/details/5899555688?utm_medium=api&utm_source=b30e4a75,"Role Overview We are seeking a skilled Senior Data Analyst with substantial hands-on experience in Source System Analysis, data mapping, data modeling, SQL analysis, and integration testing. The ideal candidate will support seamless data flow across business applications, ensure data accuracy, and contribute to system improvements. Key Responsibilities Conduct detailed data mapping between source and target systems, ensuring consistency and accuracy. Build and maintain data models to support bu…"
5904039341,Business Data Analyst,EXL,"Pune, Maharashtra",,,2026-09-30T21:11:52Z,https://www.adzuna.in/details/5904039341?utm_medium=api&utm_source=b30e4a75,"Description We are seeking a Business / Data Analyst with Data Engineering expertise to support the design and development of banking data marts for regulatory reporting, analytics, and downstream consumption. The role will focus on translating business requirements into scalable data models , ensuring data quality, reconciliation, and traceability across enterprise data platforms. Key Responsibilities Business & Data Analysis Engage with business stakeholders (Finance, Risk, Regulatory teams) …"
5879874212,Environmental Data Analyst,Tradeweb Markets,"Bangalore, Karnataka",,,2026-09-11T21:11:34Z,https://www.adzuna.in/details/5879874212?utm_medium=api&utm_source=b30e4a75,"Description Company Description Tradeweb is a global leader in electronic trading across asset classes. As financial markets become increasingly interconnected, our technology enables efficient, multi-asset trading on a global scale. We serve more than 3,000 clients in more than 85 countries, including many of the world’s largest banks, asset managers, hedge funds, insurers, corporations, and wealth managers. Creative collaboration and sharp client focus have helped fuel our organic growth. We …"
5879368817,Environmental Data Analyst,Tradeweb,"Bangalore, Karnataka",,,2026-09-11T11:12:21Z,https://www.adzuna.in/details/5879368817?utm_medium=api&utm_source=b30e4a75,"Company Description Tradeweb is a global leader in electronic trading across asset classes. As financial markets become increasingly interconnected, our technology enables efficient, multi-asset trading on a global scale. We serve more than 3,000 clients in more than 85 countries, including many of the world's largest banks, asset managers, hedge funds, insurers, corporations, and wealth managers. Creative collaboration and sharp client focus have helped fuel our organic growth. We facilitated …"
1970273576,Financial Data Analyst,Nirvana Solutions,India,0.0,300000.0,2021-02-04T03:40:40Z,https://www.adzuna.in/details/1970273576?utm_medium=api&utm_source=b30e4a75,"Job Title - Senior Financial Data Analyst. Experience Required - 2 - 4 years. Job Location - Gurugram (Haryana). Salary Offered - As per industry standard. Selection process - Aptitude test followed by F2F interview and Final HR interview Qualification - MBA Finance Shift - Night Shift About Nirvana Nirvana Solutions is a financial technology & services provider that delivers integrated and modular front, middle and back office solutions to a wide array of financial firms, including hedge funds…"
5797363610,Reliability Data Analyst,Pinnacle Reliability India,India,,,2026-07-12T03:21:23Z,https://www.adzuna.in/details/5797363610?utm_medium=api&utm_source=b30e4a75,"We are building a team of trailblazers, who embody growth, impact, and excellence. Job Description As a Reliability Data Analyst, you will execute intermediate to advance level task work for engineering projects across multiple areas of reliability data gathering, organizing, analyzing, and strategizing. Job Duties Solve complex reliability problems using professional judgment to ensure tasks include the appropriate level of assessment, analysis, and evaluation while following best practices an…"
5876947893,Data Analyst Acquisition,Tangem,India,,,2026-09-09T16:12:39Z,https://www.adzuna.in/details/5876947893?utm_medium=api&utm_source=b30e4a75,"Data Analyst (Acquisition) Affiliate, CRM, Web, Marketing About Tangem Tangem is a high-tech company in the blockchain sector, founded in 2017, headquartered in Zug, Switzerland, with branches in North America, Eastern Europe, and APAC. We bring digital assets to the masses through a smartcard-based hardware wallet and mobile apps: secure, simple UX in 220 countries, setup in under a minute, and multi-support for thousands of tokens in one wallet. SBI Crypto Investment Ltd. (wholly owned by SBI…"
5904039678,Senior Data Analyst,Precision Medicine Group,India,,,2026-09-30T21:12:18Z,https://www.adzuna.in/details/5904039678?utm_medium=api&utm_source=b30e4a75,"Role Summary We are seeking a motivated, experienced Senior Data Analyst who will lead analytics efforts around Oncology patient journey, line of therapy (LoT) and structured claims/patient data. The successful candidate will transform large claims datasets into insights that shape strategic decisions for our clients. Key Responsibilities Lead and execute analytics projects focused on patient-journey and line-of-therapy mapping, Brand analytics. Analyze structured claims and patient datasets su…"
5881141340,Senior Data Analyst,Fortive,India,,,2026-09-12T21:24:56Z,https://www.adzuna.in/details/5881141340?utm_medium=api&utm_source=b30e4a75,"Description The Data Analyst will focus on advanced analytics, predictive modeling, and scalable BI development to support Sales leadership with forward-looking insights. This role is responsible for building and maintaining predictive, repeatable reporting frameworks across forecasting, top-of-funnel performance, and core sales KPIs. Advanced Analytics & Predictive Modeling Design and maintain predictive models to support revenue forecasting, pipeline movement, deal progression, and funnel con…"
5898498809,Senior Data Analyst,JLL,India,,,2026-09-25T21:26:20Z,https://www.adzuna.in/details/5898498809?utm_medium=api&utm_source=b30e4a75,"JLL empowers you to shape a brighter way . Our people at JLL are shaping the future of real estate for a better world by combining world class services, advisory and technology for our clients. We are committed to hiring the best, most talented people and empowering them to thrive, grow meaningful careers and to find a place where they belong. Whether you’ve got deep experience in commercial real estate, skilled trades or technology, or you’re looking to apply your relevant experience to a new …"
5818418582,Senior Data Analyst,Netomi,India,,,2026-07-28T20:48:18Z,https://www.adzuna.in/details/5818418582?utm_medium=api&utm_source=b30e4a75,"About the Company: Netomi is the leading agentic AI platform for enterprise customer experience. We work with the largest global brands like Delta Airlines, MetLife, United, and others to enable agentic automation at scale across the entire customer journey. Our no-code platform delivers the fastest time to market, lowest total cost of ownership, and simple, scalable management of AI agents for any CX use case. Backed by WndrCo, Y Combinator, and Index Ventures, we help enterprises drive effici…"
5834755860,Logistics Data Analyst,Circle K Stores,India,,,2026-08-09T20:50:35Z,https://www.adzuna.in/details/5834755860?utm_medium=api&utm_source=b30e4a75,"Job Description Alimentation Couche-Tard Inc., (ACT) is a global Fortune 200 company. A leader in the convenience store and fuel space, ACT’s retail network includes ~16,700 convenience stores, and has footprint across 31countries and territories primarily under the Circle K brand. Circle K India Fuels & Logistics team is an integral part of ACT’s Global Fuels & Logistics Team, and the Logistics Data Analyst will be a key player on this team supporting with logistics financial and performance a…"
5902911720,Senior Data Analyst,Precision AQ,India,,,2026-09-29T21:14:11Z,https://www.adzuna.in/details/5902911720?utm_medium=api&utm_source=b30e4a75,"Role Summary We are seeking a motivated, experienced Senior Data Analyst who will lead analytics efforts around Oncology patient journey, line of therapy (LoT) and structured claims/patient data. The successful candidate will transform large claims datasets into insights that shape strategic decisions for our clients. Key Responsibilities Lead and execute analytics projects focused on patient-journey and line-of-therapy mapping, Brand analytics. Analyze structured claims and patient datasets su…"
5896646568,"Data Analyst, Exploration",DRW,India,,,2026-09-24T16:14:48Z,https://www.adzuna.in/details/5896646568?utm_medium=api&utm_source=b30e4a75,"DRW is a diversified trading firm with over 3 decades of experience bringing sophisticated technology and exceptional people together to operate in markets around the world. We value autonomy and the ability to quickly pivot to capture opportunities, so we operate using our own capital and trading at our own risk. Headquartered in Chicago with offices throughout the U.S., Canada, Europe, and Asia, we trade a variety of asset classes including Fixed Income, ETFs, Equities, FX, Commodities and En…"
5904030337,Data Analyst CCC,HP,India,,,2026-09-30T21:06:02Z,https://www.adzuna.in/details/5904030337?utm_medium=api&utm_source=b30e4a75,"Data Analyst CCC Description - Job Summary • This role is responsible for collecting, cleaning, preprocessing, and analyzing large datasets to derive meaningful insights and actionable recommendations. The role creates clear and effective visual representations of data using charts, graphs, and dashboards to communicate findings to technical and non-technical audiences. By transforming raw data into actionable insights, the role empowers teams across the organization to work more efficiently an…"
2853928283,Sr. Data Analyst,Multi Recruit,"Bangalore, Karnataka",2500000.0,3000000.0,2022-01-30T04:34:32Z,https://www.adzuna.in/details/2853928283?utm_medium=api&utm_source=b30e4a75,"We are looking for a Senior Data Analyst who will support our product, sales, leadership, and marketing teams with data collection and organization of data in order to draw conclusions, make predictions, and drive informed decision making. The ideal candidate is adept at using large data sets to find opportunities for product and marketing optimization and using data models to test the effectiveness of different courses of action. Not just that, you also understand how to clean and organize dat…"
5599249932,Data Analyst I,Parker Group,India,22000.0,36000.0,2026-01-25T01:31:13Z,https://www.adzuna.in/details/5599249932?utm_medium=api&utm_source=b30e4a75,"About the Role: Parker’s mission is simple but ambitious: to increase the number of financially independent people. We believe the best way to achieve this is by equipping independent business owners with the financial tools they need to scale profitably. Our core product combines a virtual corporate card with profitability-focused financial software , empowering eCommerce merchants to grow faster while maintaining control of their margins. We’ve raised over $180M in equity and debt from world-…"
5848436882,RegTech Data Analyst,Tradeweb Markets,"Bangalore, Karnataka",,,2026-08-19T21:10:33Z,https://www.adzuna.in/details/5848436882?utm_medium=api&utm_source=b30e4a75,"Description Company Description Tradeweb is a global leader in electronic trading across asset classes. As financial markets become increasingly interconnected, our technology enables efficient, multi-asset trading on a global scale. We serve more than 3,000 clients in more than 85 countries, including many of the world’s largest banks, asset managers, hedge funds, insurers, corporations, and wealth managers. Creative collaboration and sharp client focus have helped fuel our organic growth. We …"
5887951604,Litigation Data Analyst,KLDiscovery,India,,,2026-09-17T21:50:05Z,https://www.adzuna.in/details/5887951604?utm_medium=api&utm_source=b30e4a75,"Description KLDiscovery, a leading global provider of electronic discovery, information governance and data recovery services, is currently seeking a Hosting Data Analyst/Litigation Support Analyst. The candidate will have experience using E-Discovery tools, Microsoft Office, specifically Microsoft Excel. This position does not require any license or certification in order to be considered Remote, work from home opportunity. Responsibilities Work as part of a team, candidate will be required to…"
5725371745,ERP Data Analyst,Greif,India,,,2026-05-11T02:23:40Z,https://www.adzuna.in/details/5725371745?utm_medium=api&utm_source=b30e4a75,"Greif is a global leader in performance packaging located in 40 countries. The company delivers trusted, innovative, and tailored solutions that support some of the world's most in demand and fastest-growing industries. With a commitment to legendary customer service, operational excellence, and global sustainability, Greif packages life's essentials - and creates lasting value for its colleagues, customers, and other stakeholders. Learn more about the company's Customized Polymer , Sustainable…"
5847854180,RegTech Data Analyst,Tradeweb,"Bangalore, Karnataka",,,2026-08-19T11:12:35Z,https://www.adzuna.in/details/5847854180?utm_medium=api&utm_source=b30e4a75,"Company Description Tradeweb is a global leader in electronic trading across asset classes. As financial markets become increasingly interconnected, our technology enables efficient, multi-asset trading on a global scale. We serve more than 3,000 clients in more than 85 countries, including many of the world's largest banks, asset managers, hedge funds, insurers, corporations, and wealth managers. Creative collaboration and sharp client focus have helped fuel our organic growth. We facilitated …"
5904040107,Lead Data Analyst,Jump Trading,"Mumbai, Maharashtra",,,2026-09-30T21:12:49Z,https://www.adzuna.in/details/5904040107?utm_medium=api&utm_source=b30e4a75,"Jump Trading Group is committed to world class research. We empower exceptional talents in Mathematics, Physics, and Computer Science to seek scientific boundaries, push through them, and apply cutting edge research to global financial markets. Our culture is unique. Constant innovation requires fearlessness, creativity, intellectual honesty, and a relentless competitive streak. We believe in winning together and unlocking unique individual talent by incenting collaboration and mutual respect. …"
5755736751,Senior Data Analyst,Zeta Global,"Hyderabad, Telangana",,,2026-06-08T02:34:31Z,https://www.adzuna.in/details/5755736751?utm_medium=api&utm_source=b30e4a75,"Senior Data Analyst Location: Hyderabad, India (WFO) Reporting / Hours: 6:00 PM to 2:00 AM IST, as the candidate will need to collaborate closely with stakeholders in the US time zone. Primary Job Responsibilities: Zeta is looking for an exceptional Senior Business Analyst, Marketing Effectiveness to join our team in Hyderabad, India. This role is ideal for a business-minded analytics professional who can connect marketing strategy, measurement, and performance insights to practical business de…"
5851141530,Data Analyst I,TIAA,"Pune, Maharashtra",,,2026-08-21T20:45:56Z,https://www.adzuna.in/details/5851141530?utm_medium=api&utm_source=b30e4a75,"Analyst - Business Intelligence - IN Professionals in this category use a set of methods and tools like Cognos, QlikView etc. to access and explore data to derive insights for decision making. Key Responsibilities and Duties They collaborate with business users and focus on counts, statistics, and visualization to improve performance and find strategic opportunities for the business. Their job involves the enablement of effective data management (collected from independent transaction systems) …"
5890804511,Data Analyst I,Syneos Health,India,,,2026-09-19T21:48:59Z,https://www.adzuna.in/details/5890804511?utm_medium=api&utm_source=b30e4a75,"Data Analyst I Syneos Health® is a leading fully-integrated life sciences services organization built to accelerate customer success. We partner with innovators at every point across the drug development and commercialization continuum, helping them navigate complexity, anticipate change and accelerate progress. Our Clinical Solutions team members act with a drug development mindset, applying their years of experience and deep expertise to truly understand customer needs and represent those in …"
5892976847,Data Analyst 5B,genpact,India,,,2026-09-21T21:52:59Z,https://www.adzuna.in/details/5892976847?utm_medium=api&utm_source=b30e4a75,"Data Analyst Ready to turn bold ideas into real-world impact? At Genpact, we don’t just adapt to change, we lead it. AI and digital innovation are transforming the way businesses work, and we’re at the forefront of it. Genpact’s AI Gigafactory , our industry-first accelerator, exemplifies how we scale advanced technology solutions to help global enterprises work smarter, grow faster, and transform at scale. Whether tackling complex challenges through large-scale models or agentic AI , our break…"
5843155892,"Data Analyst, Labs",DoorDash,"Hyderabad, Telangana",,,2026-08-15T20:42:13Z,https://www.adzuna.in/details/5843155892?utm_medium=api&utm_source=b30e4a75,"Hyderabad, preferred or remote About the Team DoorDash Labs is an independent team within DoorDash. We explore robotics and automation to transform last mile logistics in the long term. If you want to work on commercializing autonomy and robotics in a service used by millions of people, then we want to talk to you! About the Role Come help us redefine last-mile logistics through robotics, automation, and other advanced technologies! DoorDash Labs is an independent team inside of DoorDash incuba…"
5896647033,"Data Analyst, Stewardship",DRW,India,,,2026-09-24T16:14:52Z,https://www.adzuna.in/details/5896647033?utm_medium=api&utm_source=b30e4a75,"DRW is a diversified trading firm with over 3 decades of experience bringing sophisticated technology and exceptional people together to operate in markets around the world. We value autonomy and the ability to quickly pivot to capture opportunities, so we operate using our own capital and trading at our own risk. Headquartered in Chicago with offices throughout the U.S., Canada, Europe, and Asia, we trade a variety of asset classes including Fixed Income, ETFs, Equities, FX, Commodities and En…"
5880669733,Senior Data Analyst,Fortive Corporation,India,,,2026-09-12T11:10:24Z,https://www.adzuna.in/details/5880669733?utm_medium=api&utm_source=b30e4a75,"The Data Analyst will focus on advanced analytics, predictive modeling, and scalable BI development to support Sales leadership with forward-looking insights. This role is responsible for building and maintaining predictive, repeatable reporting frameworks across forecasting, top-of-funnel performance, and core sales KPIs. _Advanced Analytics & Predictive Modeling_  Design and maintain predictive models to support revenue forecasting, pipeline movement, deal progression, and funnel conversion. …"
5897038773,Junior Data Analyst,Jobgether,India,,,2026-09-24T21:09:12Z,https://www.adzuna.in/details/5897038773?utm_medium=api&utm_source=b30e4a75,"This position is listed on behalf of a partner company, who manages all applications and next steps. Our partner is looking for a Junior Data Analyst based in India. This role supports Talent Acquisition and HR teams by turning workforce and recruitment data into clear, actionable insights. You will design and maintain interactive Power BI dashboards, Workday reports, and recurring management information reports. The position combines data analysis, reporting automation, data quality management…"
5849314553,HR Data Analyst,ADM,"Bangalore, Karnataka",,,2026-08-20T11:09:50Z,https://www.adzuna.in/details/5849314553?utm_medium=api&utm_source=b30e4a75,"Role Overview: The Global HR Data & Analytics team enables insight-led decision making across the enterprise by providing trusted, consistent, and scalable workforce data, reporting, and analytics support. As part of the Global Capability Center, the HR Data Analyst serves as a key member of a centralized analytics delivery model. This role provides scalable reporting, data validation, compliance data preparation, analytics operations, tool access support, and documentation across regions, func…"
5834752688,Senior Data Analyst,Priceline,"Mumbai, Maharashtra",,,2026-08-09T20:48:22Z,https://www.adzuna.in/details/5834752688?utm_medium=api&utm_source=b30e4a75,"This role is eligible for our hybrid work model: Two days in-office. We’re a data-driven organization, which makes our Analytics and Data Science teams the brains of our operation. On the cutting edge of customer and business analytics, they make sure all our decisions and innovations are based on the latest insights. Why this job’s a big deal: As a Senior Data Analyst within our Finance team, you will lead high-profile, strategic initiatives. Collaborating closely with stakeholders across dive…"
5890487188,Senior Data Analyst,FinBox,"Bangalore, Karnataka",,,2026-09-19T16:13:51Z,https://www.adzuna.in/details/5890487188?utm_medium=api&utm_source=b30e4a75,"FinBox: Where Fintech Meets Fun! Welcome to FinBox, the buzzing hive of tech innovation and creativity! Since our inception in 2017, FinBox has built some of the most advanced technologies in the financial services space that help lenders like Banks, NBFCs and large enterprises build and launch credit products within a matter of days, not months or years. FinBox is a Series B funded company which is expanding globally with offices in India, Vietnam, Indonesia and Philippines. Our vision is to b…"
5890784080,Marketing Data Analyst,Qualys,"Pune, Maharashtra",,,2026-09-19T21:32:18Z,https://www.adzuna.in/details/5890784080?utm_medium=api&utm_source=b30e4a75,"Come work at a place where innovation and teamwork come together to support the most exciting missions in the world! Qualys is looking for a highly analytical, technically strong and business-oriented Marketing Data Analyst to join our Marketing Operations organization in Pune. This role sits at the intersection of Marketing, Sales, Revenue Operations, Marketing Technology, Data and Analytics. The ideal candidate will combine strong analytical capabilities with hands-on experience across CRM, m…"
5904045140,Senior Data Analyst,Neuron 7,"Bangalore, Karnataka",,,2026-09-30T21:18:18Z,https://www.adzuna.in/details/5904045140?utm_medium=api&utm_source=b30e4a75,"About Us: Neuron7.ai is a fast-growing AI-first SaaS company — Series B funded and trusted by top Fortune 1000 brands — that transforms service resolution with intelligence. Our Smart Resolution Hub delivers predictive, guided troubleshooting across high-tech, medical, and industrial equipment environments. With 300% ARR growth and deep integrations with Salesforce, ServiceNow, Microsoft, and SAP, Neuron7 is scaling rapidly in India and worldwide. We operate with: Integrity and doing business t…"
5859121228,Data Analyst I,Tekion,"Bangalore, Karnataka",,,2026-08-28T07:37:17Z,https://www.adzuna.in/details/5859121228?utm_medium=api&utm_source=b30e4a75,"We are seeking a skilled Data Business Intelligence Analyst to join one of the most fast-paced and exciting teams at Tekion. We are redefining and redesigning the automotive datascape with state-of-the-art data models and business intelligence tools. In this role, you will play a crucial part in modeling data, designing, developing, and maintaining BI solutions tailored for the automotive sector. You will collaborate closely with stakeholders to understand their business needs and translate the…"
5857001031,AI Data Analyst,Glean,"Bangalore, Karnataka",,,2026-08-26T21:07:37Z,https://www.adzuna.in/details/5857001031?utm_medium=api&utm_source=b30e4a75,"About Glean: Glean is the Work AI platform that helps everyone work smarter with AI. What began as the industry’s most advanced enterprise search has evolved into a full-scale Work AI ecosystem, powering intelligent Search, an AI Assistant, and scalable AI agents on one secure, open platform. With over 100 enterprise SaaS connectors, flexible LLM choice, and robust APIs, Glean gives organizations the infrastructure to govern, scale, and customize AI across their entire business - without vendor…"
5895065743,Senior Data Analyst,Crunchyroll,"Hyderabad, Telangana",,,2026-09-23T16:15:31Z,https://www.adzuna.in/details/5895065743?utm_medium=api&utm_source=b30e4a75,"About Crunchyroll Founded by fans, Crunchyroll delivers the art and culture of anime to a passionate community. We super-serve over 100 million anime and manga fans across 200 countries and territories, and help them connect with the stories and characters they crave. Whether that experience is online or in-person, streaming video, theatrical, games, merchandise, events and more, it’s powered by the anime content we all love. Join our team, and help us shape the future of anime! About The Role …"
5850636017,Data Analyst I,TIAA,"Pune, Maharashtra",,,2026-08-21T11:18:28Z,https://www.adzuna.in/details/5850636017?utm_medium=api&utm_source=b30e4a75,"Pune, India Full time R251200163 Analyst - Business Intelligence - IN Professionals in this category use a set of methods and tools like Cognos, QlikView etc. to access and explore data to derive insights for decision making. Key Responsibilities and Duties  They collaborate with business users and focus on counts, statistics, and visualization to improve performance and find strategic opportunities for the business.  Their job involves the enablement of effective data management (collected fro…"
5839585374,Data Analyst - MDM,Eaton Corporation,"Pune, Maharashtra",,,2026-08-13T11:02:36Z,https://www.adzuna.in/details/5839585374?utm_medium=api&utm_source=b30e4a75,"What you'll do: Eaton announced, on June 11, 2026, the intent to combine its Mobility Group (including both the Vehicle and eMobility segments) with a new company. We expect to complete this process by the end of the first half of 2027. The compensation and benefits that will initially be offered for this position are based on Eaton's plans, programs and practices. If you are offered and accept this position and are actively employed by the Mobility Group when the transaction closes, the new co…"
5899537340,Senior Data Analyst,Solflare,India,,,2026-09-26T16:15:06Z,https://www.adzuna.in/details/5899537340?utm_medium=api&utm_source=b30e4a75,"Company Description About us Solflare is one of the fastest-growing crypto wallets in the world. With around 4 million monthly active users and over $20 billion in digital assets secured through our platform, we’re building a powerful gateway to Web3. Founded in 2021, Solflare now has a team of nearly 150 people, with offices in Zagreb, Belgrade, and Novi Sad, plus remote teams across the globe. Our vision is simple but bold: a world where everyone uses a Web3 wallet and has full control over t…"
5892963519,Lead Data Analyst,Target,"Bangalore, Karnataka",,,2026-09-21T21:46:36Z,https://www.adzuna.in/details/5892963519?utm_medium=api&utm_source=b30e4a75,"About the Role Join the Data Analytics (DA) team at TII across domains such as Marketing and Digital, Merchandising, Supply Chain and Logistics, Store Operations, Finance and more . Here you'll collaborate with business leaders to turn data into insights that drive strategic decisions. You’ll be part of a fast-moving, high-impact environment focused on leveraging business intelligence and advanced analytics to solve real-world problems. This role combines technical expertise with business under…"
5855478601,Data Analyst / Engineer,Kyndryl,India,,,2026-08-25T21:02:54Z,https://www.adzuna.in/details/5855478601?utm_medium=api&utm_source=b30e4a75,"Who We Are At Kyndryl, we run and reimagine the mission-critical technology systems that drive advantage for the world’s leading businesses. We are at the heart of progress; with proven expertise and a continuous flow of AI-powered insight, enabling smarter decisions, faster innovation, and a lasting competitive edge. For our people—Kyndryls—that means doing purposeful work that powers human progress. Join us and experience a flexible, supportive environment where your well-being is prioritized…"
5873196845,Data Analyst / Engineer,Kyndryl,India,,,2026-09-06T21:19:24Z,https://www.adzuna.in/details/5873196845?utm_medium=api&utm_source=b30e4a75,"Who We Are At Kyndryl, we run and reimagine the mission-critical technology systems that drive advantage for the world’s leading businesses. We are at the heart of progress; with proven expertise and a continuous flow of AI-powered insight, enabling smarter decisions, faster innovation, and a lasting competitive edge. For our people—Kyndryls—that means doing purposeful work that powers human progress. Join us and experience a flexible, supportive environment where your well-being is prioritized…"
5836839248,Senior Data Analyst,Havas,India,,,2026-08-11T20:52:01Z,https://www.adzuna.in/details/5836839248?utm_medium=api&utm_source=b30e4a75,"Agency : Havas Creative Job Description : We are seeking a Senior Data / Systems Analyst to support global operational and finance reporting across multiple business systems. This role will own reporting requirements, data definitions, integrations, and data models that underpin a large and growing portfolio of management and operational reports. The successful candidate will act as the bridge between business stakeholders, source systems, and the Power BI reporting team, ensuring a single sour…"
5856447389,Data Analyst / Engineer,Kyndryl,"Bangalore, Karnataka",,,2026-08-26T11:20:09Z,https://www.adzuna.in/details/5856447389?utm_medium=api&utm_source=b30e4a75,"In Person Bangalore, Karnataka, India Chennai, Tamil Nadu, India Full time R-66920 Who We Are At Kyndryl, we run and reimagine the mission-critical technology systems that drive advantage for the world's leading businesses. We are at the heart of progress; with proven expertise and a continuous flow of AI-powered insight, enabling smarter decisions, faster innovation, and a lasting competitive edge. For our people-Kyndryls-that means doing purposeful work that powers human progress. Join us and…"
5856447374,Data Analyst / Engineer,Kyndryl,"Chennai, Tamil Nadu",,,2026-08-26T11:20:09Z,https://www.adzuna.in/details/5856447374?utm_medium=api&utm_source=b30e4a75,"In Person Bangalore, Karnataka, India Chennai, Tamil Nadu, India Full time R-66920 Who We Are At Kyndryl, we run and reimagine the mission-critical technology systems that drive advantage for the world's leading businesses. We are at the heart of progress; with proven expertise and a continuous flow of AI-powered insight, enabling smarter decisions, faster innovation, and a lasting competitive edge. For our people-Kyndryls-that means doing purposeful work that powers human progress. Join us and…"
5872786182,Data Analyst / Engineer,Kyndryl,"Bangalore, Karnataka",,,2026-09-06T11:07:02Z,https://www.adzuna.in/details/5872786182?utm_medium=api&utm_source=b30e4a75,"In Person Bangalore, Karnataka, India Chennai, Tamil Nadu, India Full time R-67684 Who We Are At Kyndryl, we run and reimagine the mission-critical technology systems that drive advantage for the world's leading businesses. We are at the heart of progress; with proven expertise and a continuous flow of AI-powered insight, enabling smarter decisions, faster innovation, and a lasting competitive edge. For our people-Kyndryls-that means doing purposeful work that powers human progress. Join us and…"
5872786172,Data Analyst / Engineer,Kyndryl,"Chennai, Tamil Nadu",,,2026-09-06T11:07:02Z,https://www.adzuna.in/details/5872786172?utm_medium=api&utm_source=b30e4a75,"In Person Bangalore, Karnataka, India Chennai, Tamil Nadu, India Full time R-67684 Who We Are At Kyndryl, we run and reimagine the mission-critical technology systems that drive advantage for the world's leading businesses. We are at the heart of progress; with proven expertise and a continuous flow of AI-powered insight, enabling smarter decisions, faster innovation, and a lasting competitive edge. For our people-Kyndryls-that means doing purposeful work that powers human progress. Join us and…"
5904046319,Salesforce Data Analyst,First Advantage,India,,,2026-09-30T21:19:29Z,https://www.adzuna.in/details/5904046319?utm_medium=api&utm_source=b30e4a75,"The analyst will experience with Sales Cloud, Revenue Cloud, and Service Cloud to analy ze data involving accounts, contacts, opportunities , and other critical business data entities and processes. The analyst will translate business requirements and data-quality concerns into meaningful analysis, report s , dashboards, and recommendations. Key Responsibilities Data Quality Analysis & Monitoring Reporting & Dashboard Development Data Stewardship Support Data Governance & Documentation Business…"
1171507819,Sr. Data Analyst,Saama Technologies,"Pune, Maharashtra",100000.0,1200000.0,2019-06-05T21:12:11Z,https://www.adzuna.in/details/1171507819?utm_medium=api&utm_source=b30e4a75,"Description Requirements: Overall experience of 10 years with minimum 6 years data analysis experience MBA Finance or Similar background profile Ability to lead projects and work independently Must have the ability to write complex SQL, doing cohort analysis, comparative analysis etc . Experience working directly with business users to build reports, dashboards and solving business questions with data Experience with doing analysis using Python and Spark is a plus Experience with MicroStrategy …"
4560970995,Data Analyst Lead,Technogen India PvtLtd,"Hyderabad, Telangana",2400000.0,2700000.0,2024-02-07T15:55:11Z,https://www.adzuna.in/details/4560970995?utm_medium=api&utm_source=b30e4a75,"Daily and monthly responsibilities Review and coordinate with business application teams on data delivery requirements. Develop estimation and proposed delivery schedules in coordination with development team. Develop sourcing and data delivery designs. Review data model, metadata and delivery criteria for solution. Review and coordinate with team on test criteria and performance of testing. Contribute to the design, development and completion of project deliverables. Complete in-depth data ana…"
5416883963,Senior Data Analyst,Wissen Technology,"Mumbai, Maharashtra",,,2025-09-27T09:15:35Z,https://www.adzuna.in/details/5416883963?utm_medium=api&utm_source=b30e4a75," DATA SOURCING & ANALYSIS EXPERT (L3 Support) – Mumbai  Are you ready to supercharge your Data Engineering career in the financial domain? We’re seeking a seasoned professional (5–7 years experience) to join our Mumbai team and lead in data sourcing, modelling, and analysis . If you’re passionate about solving complex challenges in Relational & Big Data ecosystems, this role is for you. What You’ll Be Doing Translate business needs into robust data models , program specs, and solutions Perform …"
4192429586,Senior Data Analyst,Impact Guru,"Mumbai, Maharashtra",500000.0,900000.0,2023-07-06T14:16:47Z,https://www.adzuna.in/details/4192429586?utm_medium=api&utm_source=b30e4a75,"Job Responsibilities: Excellent problem solving and analytical skills - ability to develop hypotheses, understand and interpret data within the context of the product / business - solve problems and distill data into actionable recommendations.  Strong communication skills with the ability to confidently work with cross- functional teams across the globe and to present information to all levels of the organization.  Intellectual and analytical curiosity - initiative to dig into the why, what …"
2468164031,Mis Data Analyst,Randstad India,"Raipur, Chhattisgarh",0.0,1400000.0,2021-09-18T05:50:10Z,https://www.adzuna.in/details/2468164031?utm_medium=api&utm_source=b30e4a75,"Make Business Trend Analysis based on past trends & current market conditions Working on Effective Budgeting of the Company Scheduling – Operational process improvisation. To Provide Business data Analysis & Intelligence support including to the Management. Identify Gaps, identify the problems, Analyse root cause and then suggest solutions which should increase the efficiency of the business process. Monthly Business transfer report. Ensure proper maintenance of historic data which can be made …"
4514376173,Bussiness / Data Analyst,Qrata,"Bangalore, Karnataka",1500000.0,1800000.0,2024-01-07T15:07:48Z,https://www.adzuna.in/details/4514376173?utm_medium=api&utm_source=b30e4a75,We are a mission-oriented high-growth fintech startup building payment & lending products to simplify education payments. Our suite of products makes education payments convenient & affordable for parents while simplifying & streamlining fee collections for educational institutes. We aim to be a category-defining company with a mission to be a trusted partner to parents in fulfilling their aspirations for their kids’ education. You can learn more about our mission in this video. We are backed b…
3138985665,Lead Data Analyst,wrackle,"Bangalore, Karnataka",2000000.0,4000000.0,2022-05-16T05:27:57Z,https://www.adzuna.in/details/3138985665?utm_medium=api&utm_source=b30e4a75,"Role and Responsibilities Own the product analytics of bidgely’s end user-facing products, measure and identify areas of improvement through data Liaise with Product Managers and Business Leaders to understand the product issues, priorities and hence support them through relevant product analytics Own the automation of product analytics through good SQL knowledge Develop early warning metrics for production and highlight issues and breakdowns for resolution Resolve client escalations and concer…"
4397462772,Data Analyst and Operations,Orbital,"Hyderabad, Telangana",300000.0,1000000.0,2023-10-27T14:50:38Z,https://www.adzuna.in/details/4397462772?utm_medium=api&utm_source=b30e4a75,"0 to 3 years of experience (or equivalent understanding of data analysis & operations) Strong critical thinking mindset and willingness to do whatever it takes to complete the job Strong communication skills in English Familiarity with Microsoft Excel, Google Spreadsheets or equivalent tool (VLOOKUPS, formulas, macros) Willingness and interest in learning new tech/processes (Python, Jupyter, Airflow, etc.) This role represents 3 vacancies. Willingness and commitment to learn is most important. …"
5635271678,AI Data Analyst,SOURCBOX SOLUTION,India,,,2026-02-19T04:20:04Z,https://www.adzuna.in/details/5635271678?utm_medium=api&utm_source=b30e4a75,"Roles & Responsibilities: Transcribe audio or video recordings into text accurately and efficiently. Review and edit transcriptions for grammar, clarity, and formatting. Verify data for accuracy and correct any errors or inconsistencies. Perform video annotation by labeling and categorizing visual content according to project guidelines. Conduct image annotation , including tagging, bounding boxes, segmentation, and classification tasks. Participate in voice data collection projects following s…"
5713881225,Senior - Data Analyst,BSR & Co,"Mumbai, Maharashtra",,,2026-04-30T02:10:13Z,https://www.adzuna.in/details/5713881225?utm_medium=api&utm_source=b30e4a75,"Description About KPMG in India KPMG entities in India are professional services firm(s). These Indian member firms are affiliated with KPMG International Limited. KPMG was established in India in August 1993. Our professionals leverage the global network of firms, and are conversant with local laws, regulations, markets and competition. KPMG has offices across India in Ahmedabad, Bengaluru, Chandigarh, Chennai, Gurugram, Jaipur, Hyderabad, Jaipur, Kochi, Kolkata, Mumbai, Noida, Pune, Vadodara …"
5754765939,Senior Data Analyst,EXL,India,,,2026-06-07T02:19:50Z,https://www.adzuna.in/details/5754765939?utm_medium=api&utm_source=b30e4a75,"Description Lead complex data analysis projects, interpreting large datasets to extract actionable insights for business stakeholders. Responsibilities Collect, clean, analyze large datasets, create dashboards, develop predictive models, assist in decisionmaking Qualifications Bachelor's/Master's in any stream 5-8 years"
5796206192,Senior - Data Analyst,BSR & Co,"Pune, Maharashtra",,,2026-07-11T03:36:36Z,https://www.adzuna.in/details/5796206192?utm_medium=api&utm_source=b30e4a75,"Description About KPMG in India KPMG entities in India are professional services firm(s). These Indian member firms are affiliated with KPMG International Limited. KPMG was established in India in August 1993. Our professionals leverage the global network of firms, and are conversant with local laws, regulations, markets and competition. KPMG has offices across India in Ahmedabad, Bengaluru, Chandigarh, Chennai, Gurugram, Jaipur, Hyderabad, Jaipur, Kochi, Kolkata, Mumbai, Noida, Pune, Vadodara …"
5803745878,Pricing Data Analyst,nVent,India,,,2026-07-17T03:09:37Z,https://www.adzuna.in/details/5803745878?utm_medium=api&utm_source=b30e4a75,We’re looking for people who put their innovation to work to advance our success – and their own. Join an organization that ensures a more secure world through connecting and protecting our customers with inventive electrical solutions. We’re looking for people who put their innovation to work to advance our success – and their own. Join an organization that ensures a more secure world through connecting and protecting our customers with inventive electrical solutions. What YOU WILL EXPERIENCE …
5816824116,Associate - Data Analyst,EXL,India,,,2026-07-27T03:18:51Z,https://www.adzuna.in/details/5816824116?utm_medium=api&utm_source=b30e4a75,"Description Assist in gathering, cleaning, and analyzing data, and assist in creating reports that support business decision-making. Responsibilities Gather data from various sources, clean and preprocess data, create data reports, support data model creation Qualifications Bachelor's/Master's in any stream 0-2 years"
5829885758,Mis Data Analyst,Universal Education,"Mumbai, Maharashtra",,,2026-08-06T07:30:51Z,https://www.adzuna.in/details/5829885758?utm_medium=api&utm_source=b30e4a75,"Create, manage, and optimize daily, weekly, and monthly reports for multiple teams. Build forecasting dashboards and automate recurring reports using scripts/macros where possible. Experience: 1 - 3 years Location: Mumbai Skills: Reports, Scripts, Manage Experience: 1.00-4.00 Years"
5828607873,Senior Data Analyst,Zynga,"Bangalore, Karnataka",,,2026-08-05T07:29:17Z,https://www.adzuna.in/details/5828607873?utm_medium=api&utm_source=b30e4a75,"Responsibilities: Work with large amounts of data to find opportunities to improve the experience that Zynga provides to its players Deliver analytics and data science projects that are aligned with the roadmap, and product goals - balancing actionable insights to substantially improve core game metrics Drive and empower game studio to make quantitatively informed, evidence based decisions through maintaining source of truth data sources and dashboards Work closely with game team to design, tes…"
5831400667,Senior Data Analyst,Valeo,"Chennai, Tamil Nadu",,,2026-08-07T07:30:27Z,https://www.adzuna.in/details/5831400667?utm_medium=api&utm_source=b30e4a75,"Responsible for leveraging data-driven insights to inform strategic decision-making processes within the organization. Your primary focus will be on answering complex business questions by identifying the right dataset, analyzing complex datasets, developing predictive models, and providing actionable recommendations to improve business outcomes. Responsibilities Leveraging data-driven insights: Use data to inform strategic decision-making processes within our organization. Employ various analy…"
5832798136,Operational Data Analyst,Milestone Online Technology,"Pune, Maharashtra",,,2026-08-08T07:31:04Z,https://www.adzuna.in/details/5832798136?utm_medium=api&utm_source=b30e4a75,"Skills 2-4 years of experience in operational data analytics and visualization Proficiency in Tableau (Desktop, Server, and Prep), MS Excel, and SQL (Oracle, Hive, MySQL ) Bachelors degree in Computer Science, Statistics, Mathematics, Engineering, Business, or a related field Ability to analyze complex datasets, identify trends, and provide actionable insights Familiarity with Python, R, or SAS for data analysis and automation Experience with Tableau Server administration and performance tuning…"
5832798138,Operational Data Analyst,Milestone Online Technology,"Bangalore, Karnataka",,,2026-08-08T07:31:04Z,https://www.adzuna.in/details/5832798138?utm_medium=api&utm_source=b30e4a75,"Skills 2-4 years of experience in operational data analytics and visualization Proficiency in Tableau (Desktop, Server, and Prep), MS Excel, and SQL (Oracle, Hive, MySQL ) Bachelors degree in Computer Science, Statistics, Mathematics, Engineering, Business, or a related field Ability to analyze complex datasets, identify trends, and provide actionable insights Familiarity with Python, R, or SAS for data analysis and automation Experience with Tableau Server administration and performance tuning…"
5832798151,Operational Data Analyst,Milestone Online Technology,"Kolkata, West Bengal",,,2026-08-08T07:31:05Z,https://www.adzuna.in/details/5832798151?utm_medium=api&utm_source=b30e4a75,"Skills 2-4 years of experience in operational data analytics and visualization Proficiency in Tableau (Desktop, Server, and Prep), MS Excel, and SQL (Oracle, Hive, MySQL ) Bachelors degree in Computer Science, Statistics, Mathematics, Engineering, Business, or a related field Ability to analyze complex datasets, identify trends, and provide actionable insights Familiarity with Python, R, or SAS for data analysis and automation Experience with Tableau Server administration and performance tuning…"
5834751705,Senior Data Analyst,Valeo,India,,,2026-08-09T20:47:54Z,https://www.adzuna.in/details/5834751705?utm_medium=api&utm_source=b30e4a75,"Valeo is a tech global company, designing breakthrough solutions to reinvent the mobility. We are an automotive supplier partner to automakers and new mobility actors worldwide. Our vision? Invent a greener and more secured mobility, thanks to solutions focusing on intuitive driving and reducing CO2 emissions. We are leader on our businesses, and recognized as one of the largest global innovative companies. Mission ● Responsible for leveraging data-driven insights to inform strategic decision-m…"
5841129918,Senior Data Analyst,Tokopedia,"Bangalore, Karnataka",,,2026-08-14T07:33:48Z,https://www.adzuna.in/details/5841129918?utm_medium=api&utm_source=b30e4a75,"Create business impact by working on strategic initiatives in Gojek focussed on analysis and experimentation. Build maintain dashboards for tracking business performance and product adoption. Deliver insight, analysis using statistical tools, data visualization, and business use case to product and business team. Partner closely with Product Managers and Business teams to help them make decisions. Handle Gojek Product and Business team in identifying product or business opportunities and suppor…"
5849141843,Data Analyst 3,Aditi Tech Consulting Private Limited,"Chennai, Tamil Nadu",,,2026-08-20T07:33:36Z,https://www.adzuna.in/details/5849141843?utm_medium=api&utm_source=b30e4a75,"Summary: Performs analytical tasks and initiatives on huge amount of data to support data-driven business decision and development. Responsibilities Direct the data gathering, data mining, data processing and data modelling for large datasets including the processing, cleansing, and verification of datasets used for analysis. Lead requirement definition and scope of data analyses, presenting and reporting possible business insights to management using data visualization technologies. Conduct re…"
5851860943,Reporting and Data Analyst,Franklin Templeton,"Hyderabad, Telangana",,,2026-08-22T07:33:50Z,https://www.adzuna.in/details/5851860943?utm_medium=api&utm_source=b30e4a75,"Support Clarion performance analytics team with AuM and performance reporting for a high growth open-end and closed end real estate product line. Liaison between fund administrators and US based parent company to facilitate efficient data transfer to CP US systems. Transition Europe funds to CP US systems. Support capital raise and client services, including bespoke reporting, preparing recurring marketing materials, RFP, RFI and due diligence information requests. Support Investor and consulta…"
5832800266,Data Analyst II,DealerSocket,"Bangalore, Karnataka",,,2026-08-08T07:33:39Z,https://www.adzuna.in/details/5832800266?utm_medium=api&utm_source=b30e4a75,"What You ll Bring A keen analytical mind and advanced problem-solving skills coupled with a commitment to extraordinary customer experience. Excellent verbal and written communication skills. Knowledge of ticketing tool. (Salesforce ticketing tool is a plus) Excellent customer service skills and a positive attitude. A passion for technology. Proven aptitude in managing multiple tasks in a fast-paced, dynamic environment while meeting critical SLAs and deadlines. Display strong teamwork and inte…"
5838432987,"Senior, Data Analyst",WM Global Technology Services India,India,,,2026-08-12T20:41:48Z,https://www.adzuna.in/details/5838432987?utm_medium=api&utm_source=b30e4a75,"Position Summary We are seeking a highly analytical and strategic Talent Acquisition Operations & Analytics Manager to drive recruitment reporting, operational excellence, workforce analytics, and global TA programs. This role will be responsible for designing executive dashboards, generating insights for Monthly Business Reviews (MBRs) and Quarterly Business Reviews (QBRs), managing global stakeholder relationships, driving cross-functional initiatives, and leveraging AI-enabled solutions to i…"
5859124162,Data Analyst - Intern,Claight Corporation Expert Market Research,"Noida, Ghaziabad",,,2026-08-28T07:38:07Z,https://www.adzuna.in/details/5859124162?utm_medium=api&utm_source=b30e4a75,"Perform basic data analysis, clean datasets assist with reporting, support the analytics team with data-driven insights. Data Collection and Cleaning: Gather data from various sources including surveys, databases, and other market research tools Data Analysis and Interpretation: Analyse quantitative and qualitative data to identify trends, patterns, and insights Assist in developing dashboards, visualisations, and reports to present findings effectively Market Insights Support: Collaborate with…"
5859124426,Data Analyst (Tableau),SailPoint Technologies,"Pune, Maharashtra",,,2026-08-28T07:38:10Z,https://www.adzuna.in/details/5859124426?utm_medium=api&utm_source=b30e4a75,"Key Responsibilities: Business Collaboration: Gather requirements, understand data needs, and translate complex business questions into actionable analytics solutions. Dashboard & Reporting: Build, maintain, and optimize Tableau dashboards, Smartsheets, and Salesforce reports. Take ownership of existing dashboards and develop new interactive dashboards. Data Pipeline Support: Collaborate with data engineers to enhance data pipelines, transitioning manual processes toward automation. Data Qualit…"
5860539948,Engineer - Data Analyst,BUSINESSNEXT,"Mumbai, Maharashtra",,,2026-08-29T07:41:05Z,https://www.adzuna.in/details/5860539948?utm_medium=api&utm_source=b30e4a75,"We are looking for smart & creative candidates who want to Learn and Grow, and to Innovate because they love the challenge of solving business problems Join our team of Engineers and be a part of our reforming BusinessNext Platform Within this realm of cutting-edge technology, you'll play a pivotal role in shaping the future of digital innovation on a global scale Objectives aligned to this role: To develop innovative data visualizations, improve data quality, and collaborate seamlessly with di…"
5861793318,Senior Data Analyst,IGT Solutions,"Gurgaon, Haryana",,,2026-08-30T07:39:36Z,https://www.adzuna.in/details/5861793318?utm_medium=api&utm_source=b30e4a75,"Key Deliverables: Perform data analysis, statistical modeling, and manipulation on large datasets. Optimize queries and scripts across SQL/NoSQL/Snowflake environments. Create dashboards and reports using Power BI and other visualization tools. Collaborate with stakeholders to translate business requirements into analytical solutions. Role Responsibilities: Develop and implement models and data solutions using Python/R/SAS. Maintain and tune database performance, including scripting and admin t…"
5863635689,Junior Data Analyst,Gridscape Solutions,"Vadodara, Gujarat",,,2026-09-01T07:03:11Z,https://www.adzuna.in/details/5863635689?utm_medium=api&utm_source=b30e4a75,About the job Gridscape Solutions is a leading renewable energy systems provider specializing in Microgrid and EV charging solutions designed to lower greenhouse gas emissions in California by leveraging locally generated green energy Our modular microgrids are supported by a cloudbased software platform that integrates realtime energy usage market data and utility tariffs with an AIdriven optimization engine for maximum energy efficiency With over 50 operational microgrids across California an…
5864862490,Data Analyst - HR,DNEG,"Mumbai, Maharashtra",,,2026-09-01T21:06:28Z,https://www.adzuna.in/details/5864862490?utm_medium=api&utm_source=b30e4a75,"Description Position at DNEG Data Analytics Manager – HR Analytics Role Summary We are looking for a Data Analytics Manager – HR Analytics to lead the development of people analytics and workforce insights across the organization. This role will partner closely with HR, T a lent Acquisition, Finance, and business leaders to provide data-driven insights that support strategic decision-making. The ideal candidate will have strong analytical skills, experience working with HR data, and the ability…"
5866922194,Data Analyst 4,Comcast,"Chennai, Tamil Nadu",,,2026-09-02T16:15:22Z,https://www.adzuna.in/details/5866922194?utm_medium=api&utm_source=b30e4a75,"Comcast brings together the best in media and technology. We drive innovation to create the world's best entertainment and online experiences. As a Fortune 50 leader, we set the pace in a variety of innovative and fascinating businesses and create career opportunities across a wide range of locations and disciplines. We are at the forefront of change and move at an amazing pace, thanks to our remarkable people, who bring cutting-edge products and services to life for millions of customers every…"
5866922328,Associate Data Analyst,Euromonitor,"Bangalore, Karnataka",,,2026-09-02T16:15:23Z,https://www.adzuna.in/details/5866922328?utm_medium=api&utm_source=b30e4a75,"About Euromonitor Euromonitor International leads the world in data analytics and research into markets, industries, economies and consumers. We provide truly global insight and data on thousands of products and services; we are the first destination for organizations seeking growth. With our guidance, our clients can make bold, strategic decisions with confidence. Overview of the role This team is part of the Foundational Data function, where you will transform complex data and market informat…"
5869814078,Sr. Data Analyst,Sagility India Private limited,"Bangalore, Karnataka",,,2026-09-04T07:34:35Z,https://www.adzuna.in/details/5869814078?utm_medium=api&utm_source=b30e4a75,"Skills Minimum 3 years of relevant work experience with a proven track record of designing, developing and deploying analytics solutions in commercial setting Proficiency in Python & SQL (must) - 3 yrs Knowledge of various modelling algorithms e.g. Regression and Classification, Time Series Models Strong in Machine Learning, NLP & Computer Vision Mandatory Skills: Natural Language Processing (NLP) LLM AWS Skills: Nlp, Llm, Aws Experience: 3.00-5.00 Years"
5870758338,Senior Data Analyst,Ameriprise,India,,,2026-09-04T21:14:55Z,https://www.adzuna.in/details/5870758338?utm_medium=api&utm_source=b30e4a75,"About Our Company Ameriprise India LLP has been providing client based financial solutions to help clients plan and achieve their financial objectives for 20 years. We are part of Ameriprise Financial Inc., a US financial planning company headquartered in Minneapolis with a global presence and diversified financial services leader with more than $1.5 trillion in assets under management, administration and advisement as of year-end 2024. The firm’s focus areas include Asset Management and Advice…"
5814393049,Principal Data Analyst,Ingram Micro,"Chennai, Tamil Nadu",,,2026-07-25T03:13:05Z,https://www.adzuna.in/details/5814393049?utm_medium=api&utm_source=b30e4a75,"It's fun to work in a company where people truly BELIEVE in what they're doing! Job Description: Position Summary: The Principal, Data Analytics will play a critical role in developing advanced analytical and machine learning solutions that support strategic initiatives across Sales, Vendor Management, Cloud, eCommerce, Finance, and Supply Chain. This role combines hands‑on modeling, deep analytical thinking, and strong business partnership. Your role: Break down highly complex, ambiguous busin…"
5876949172,Data Analyst II,FedEx,"Bangalore, Karnataka",,,2026-09-09T16:12:51Z,https://www.adzuna.in/details/5876949172?utm_medium=api&utm_source=b30e4a75,"The .NET Full Stack Engineer will be responsible for developing, enhancing, and maintaining enterprise business applications across multiple technology stacks. The role involves working with both legacy and modern .NET Framework and .NET to build scalable and reliable applications. The engineer will design and maintain APIs, develop full-stack solutions, manage databases, and ensure the stability of application environments across on-premises and cloud infrastructure. The role also includes bui…"
5879141463,Data Analyst II,ICON plc,"Chennai, Tamil Nadu",,,2026-09-11T07:38:41Z,https://www.adzuna.in/details/5879141463?utm_medium=api&utm_source=b30e4a75,What You Will Be Doing: Conducting thorough data analysis to support clinical trial design and execution. Collaborating with cross-functional teams to identify opportunities for data-driven innovation and optimization within clinical research. Interpreting complex datasets to derive insights and inform strategic decision-making. Assisting in the development of data visualization and reporting tools to effectively communicate findings. Establishing partnerships with stakeholders to leverage data…
5879138750,Lead - Data Analyst,AtkinsRealis,"Bangalore, Karnataka",,,2026-09-11T07:37:42Z,https://www.adzuna.in/details/5879138750?utm_medium=api&utm_source=b30e4a75,"As a SharePoint Developer, you utilize your in-depth technical knowledge of the SharePoint Platform along with Power Platform for developing, testing and managing the SharePoint sites & PowerApps applications. Design, customise and execute exceptional SharePoint-developed websites as per the user needs and requirements. Create custom designs and intranets for the user as per the basic needs. Improve the overall business process and operational level functioning of an organisation using SharePoi…"
5877847628,Data Analyst - Credit,Tvs Credit Services Ltd,"Chennai, Tamil Nadu",,,2026-09-10T07:40:49Z,https://www.adzuna.in/details/5877847628?utm_medium=api&utm_source=b30e4a75,"Key Responsibilities: Descriptive & Diagnostic Analysis : Provide actionable insights, trend and variance analyses across product lines (cross-sell, collections, etc.). Stakeholder Support : Assist business stakeholders by performing data pulls and basic manipulations to help derive operational insights. Reporting Automation : Identify recurring data/reporting needs and collaborate with the Tableau team to build dashboards and automate reports. Cross-functional Insights : Translate product/func…"
5879146293,Senior Data Analyst,Renesas,"Bangalore, Karnataka",,,2026-09-11T07:40:47Z,https://www.adzuna.in/details/5879146293?utm_medium=api&utm_source=b30e4a75,"Cross-Functional Collaboration Collaborate with various teams across the organization to maintain, enhance, and harmonize master data systems and processes. Data Quality & Integrity Ensure master data quality by performing root cause analysis, implementing corrective actions, and regularly reviewing key parameters such as yield, lead time, buffer stocks, and vendor costs. Automation & Process Improvement Drive automation and harmonization of data maintenance processes to improve efficiency and …"
5883489655,Senior Data Analyst,Prose on Pixels,"Chennai, Tamil Nadu",,,2026-09-14T16:13:06Z,https://www.adzuna.in/details/5883489655?utm_medium=api&utm_source=b30e4a75,"Own end‑to‑end integration specifications for all global reports Define how data flows between systems and into the reporting layer Validate and reconcile data across source systems and reporting outputs Act as the central point of ownership for reporting logic and assumptions Own assumptions, calculations, and logic behind all reported financial metrics Ensure reports support finance use cases such as: Management reporting Actuals vs budget vs forecast Project and margin reporting Revenue, cos…"
5889555928,Senior Data Analyst,Zynga,"Bangalore, Karnataka",,,2026-09-18T21:50:23Z,https://www.adzuna.in/details/5889555928?utm_medium=api&utm_source=b30e4a75,"Level Up Your Career with Zynga! At Zynga, we bring people together through the power of play. As a global leader in interactive entertainment and a proud label of Take-Two Interactive, our games have been downloaded over 6 billion times—connecting players in 175 countries through fun, strategy, and a little friendly competition. From thrilling casino spins to epic strategy battles, mind-bending puzzles, and social word challenges, our diverse game portfolio has something for everyone. Fan-favo…"
5891871567,Senior Data Analyst,EXL,India,,,2026-09-20T21:36:29Z,https://www.adzuna.in/details/5891871567?utm_medium=api&utm_source=b30e4a75,"Description Lead complex data analysis projects, interpreting large datasets to extract actionable insights for business stakeholders. Responsibilities Collect, clean, analyze large datasets, create dashboards, develop predictive models, assist in decisionmaking Qualifications Bachelor's/Master's in any stream 5-8 years"
5890486909,DATA ANALYST L4,Wipro,"Hyderabad, Telangana",,,2026-09-19T16:13:50Z,https://www.adzuna.in/details/5890486909?utm_medium=api&utm_source=b30e4a75,"Job description: Job Description Role Purpose The purpose of this role is to interpret data and turn into information (reports, dashboards, interactive visualizations etc) which can offer ways to improve a business, thus affecting business decisions. ͏ Do 1. Managing the technical scope of the project in line with the requirements at all stages a. Gather information from various sources (data warehouses, database, data integration and modelling) and interpret patterns and trends b. Develop reco…"
5811405065,Senior Data Analyst,Guidehouse,India,,,2026-07-23T03:30:54Z,https://www.adzuna.in/details/5811405065?utm_medium=api&utm_source=b30e4a75,"Job Family : EBO Management Information System (India) Travel Required : None Clearance Required : None What You Will Do : Gather data from primary and secondary sources, ensuring the upkeep of databases and data systems. Detect, examine, and decode trends or patterns within intricate datasets. Cleanse data and scrutinize computer-generated reports and outputs to identify and rectify coding errors. Coordinate with management to align business and informational priorities. Identify opportunities…"
5875204752,Quality Data Analyst,Overture Rede,"Munirka, South West Delhi",,,2026-09-08T09:33:09Z,https://www.adzuna.in/details/5875204752?utm_medium=api&utm_source=b30e4a75,This is a remote position. Freelance Trainer – Qualitative Data Analysis Session Duration: 3 Hours Mode: Online Schedule: First Week of October 2026 Requirement We are looking for an experienced Qualitative Data Analysis Trainer to conduct a 3-hour interactive training session covering practical approaches to analyzing and interpreting qualitative research data. Key Topics Qualitative Data Analysis Fundamentals Thematic & Content Analysis Coding and Categorization Developing Codebooks & Coding …
5889542498,Senior Data Analyst,Druva,"Pune, Maharashtra",,,2026-09-18T21:46:19Z,https://www.adzuna.in/details/5889542498?utm_medium=api&utm_source=b30e4a75,"Druva, the autonomous data security company, puts data security on autopilot with a 100% SaaS, fully managed platform to secure and recover data from all threats. The Druva Data Security Cloud ensures the availability, confidentiality, and fidelity of data - providing customers with autonomous protection, rapid incident response, and guaranteed data recovery. The company is trusted by its more than 6,000 customers, including 65 of the Fortune 500, to defend business data in today’s ever-connect…"
5898467609,Data Analyst - Pricing,Ingram Micro,"Mumbai, Maharashtra",,,2026-09-25T21:05:13Z,https://www.adzuna.in/details/5898467609?utm_medium=api&utm_source=b30e4a75,"It's fun to work in a company where people truly BELIEVE in what they're doing! Job Description: Your Role As part of the Global Pricing Team, you will help shape strategies that drive profitable growth, strengthen market position, and support decision-making across different countries. You will work cross-functionally with Sales, Finance, Vendor Management, and senior leadership to transform data into actionable recommendations and ensure pricing is fully aligned with business strategy. Key Re…"
5899869764,Market Data Analyst,Saxo Bank,India,,,2026-09-26T21:31:06Z,https://www.adzuna.in/details/5899869764?utm_medium=api&utm_source=b30e4a75,"Location - Gurugram (On Site) Market Data Management, It is a specialist provider to real time Reference (Market) Data catering to various functions with Saxo, static data to multi-asset classes, pricing, exchange trading schedules and historical charts data. Responsibilities Research, analyze and source static data across different asset classes such as Stocks, bonds, funds, options, futures and structured products Responsible to create and maintain the instrument static and pricing data, real…"
5900743851,Lead - Data Analyst,Guidehouse,India,,,2026-09-27T21:24:33Z,https://www.adzuna.in/details/5900743851?utm_medium=api&utm_source=b30e4a75,"Job Family : EBO Management Information System (India) Travel Required : None Clearance Required : None What You Will Do : Design and implement dashboards that meet the need and expectation of all its users Ensure all data is intelligently stored and processed Translate business requirements into specifications that will be used to implement the required reports and dashboards, created from potentially multiple data sources Participate with other specialist/leads/managers to understand reportin…"
5903326187,PysparkScalaSQLHiveAirflow (Data analyst),LTM,"Hyderabad, Telangana",,,2026-09-30T08:06:31Z,https://www.adzuna.in/details/5903326187?utm_medium=api&utm_source=b30e4a75,Role Description Job Specification Senior Data Engineer Experience Level 5 years Role Overview We are seeking a strong Senior Data Engineer to join FX Conduct Team This team is responsible for building robust and scalable data assets leveraging cuttingedge technologies including Apache Spark Scala Hadoop Elastic Search and GCP The ideal candidate will bring expertise in big data frameworks handson experience with Hadoop and cloud platforms and a passion for solving complex data challenges in fi…
5758030211,GTM Data Analyst,People First Consultants,"Hyderabad, Telangana",,,2026-06-10T09:41:20Z,https://www.adzuna.in/details/5758030211?utm_medium=api&utm_source=b30e4a75,"Role Overview Responsible for building dashboards (xBR dashboard, SA dash, Performance), WBR deck creation/support, weekly deal lists, MBR / QBR data packs. Support activation & realization reporting (SFDC), assist Genesis on activation metrics, prepare WBR/RTBR/QBR data packs and decks, handle SFDC hygiene/cases and regular data loads, and respond to day-to-day activation help desk requests. Jack-of-all-trades operational role with heavier focus on case handling and execution than deep analyti…"
4686701002,Business Data Analyst,,"Surat, Gujarat",,,2024-05-10T07:38:22Z,https://www.adzuna.in/details/4686701002?utm_medium=api&utm_source=b30e4a75,"Creating a detailed business analysis, outlining problems, opportunities and solutions for a business. Budgeting and forecasting. Planning and monitoring. Variance analysis. Pricing."
5902987713,Lead Data Analyst,Dicetek LLC,"Chennai, Tamil Nadu",,,2026-09-29T22:51:29Z,https://www.adzuna.in/details/5902987713?utm_medium=api&utm_source=b30e4a75,"The Lead Analyst will support the delivery of a range of contracted consulting and analytical engagements, such as revenue optimization, authorization consulting, portfolio health-checks, real time data streaming, risk management capabilities, etc. for our processing clients, merchant, and government entities. Key Responsibilities Development and partnerships for key product capabilities using authorization, transactional, repayments and account demographic data, such as the next best action re…"
5887946461,Data Analyst Banking,EXL,India,,,2026-09-17T21:48:30Z,https://www.adzuna.in/details/5887946461?utm_medium=api&utm_source=b30e4a75,"Description Data analysis, RCA and remediation under Issue management in US Banking Retail Lending. Required skills - SQL, Python, PySpark. Experience in US Banking, preferable experience in Retail Lending and Issue Management. Proven expertise as an individual contributor as well as team player, stakeholder management and project delivery. Responsibilities Data analysis, RCA and remediation under Issue management in US Banking Retail Lending. Required skills - SQL, Python, PySpark. Experience …"
5879363497,Process and Data Analyst,Citigroup,India,,,2026-09-11T11:10:33Z,https://www.adzuna.in/details/5879363497?utm_medium=api&utm_source=b30e4a75,"This role is part of Enterprise Productivity and Efficiency(EP&E) - CitiLean Reengineering Team based out of Gurgaon. The team runs key strategic program based on business priorities. This role will be responsible to support and drive Global EP&E Lean programs. Some of the key offerings of the Team are Revenue Enhancement, Operating Model and Process Optimization, Data Analytics, Project Management Framework, Digitization / Automation, and Training / Certifications. The Process Engineer is a pr…"
5882277084,Senior Data Analyst,UnitedHealth Group,"Hyderabad, Telangana",,,2026-09-13T11:17:43Z,https://www.adzuna.in/details/5882277084?utm_medium=api&utm_source=b30e4a75,"Requisition number: 2370797 Job category: Business & Data Analytics Optum is a global organization that delivers care, aided by technology to help millions of people live healthier lives. The work you do with our team will directly improve health outcomes by connecting people with the care, pharmacy benefits, data and resources they need to feel their best. Here, you will find a culture guided by inclusion, talented peers, comprehensive benefits and career development opportunities. Come make a…"
5888775257,Senior Data Analyst,UnitedHealth Group,"Noida, Ghaziabad",,,2026-09-18T11:13:28Z,https://www.adzuna.in/details/5888775257?utm_medium=api&utm_source=b30e4a75,"Requisition number: 2385840 Job category: Business & Data Analytics Optum is a global organization that delivers care, aided by technology to help millions of people live healthier lives. The work you do with our team will directly improve health outcomes by connecting people with the care, pharmacy benefits, data and resources they need to feel their best. Here, you will find a culture guided by inclusion, talented peers, comprehensive benefits and career development opportunities. Come make a…"
5899329546,Senior Data Analyst,UnitedHealth Group,"Hyderabad, Telangana",,,2026-09-26T11:16:26Z,https://www.adzuna.in/details/5899329546?utm_medium=api&utm_source=b30e4a75,"Requisition number: 2378278 Job category: Business & Data Analytics Optum is a global organization that delivers care, aided by technology to help millions of people live healthier lives. The work you do with our team will directly improve health outcomes by connecting people with the care, pharmacy benefits, data and resources they need to feel their best. Here, you will find a culture guided by inclusion, talented peers, comprehensive benefits and career development opportunities. Come make a…"
5904536472,Data Analyst I,Schneider Electric,"Gurgaon, Haryana",,,2026-10-01T08:37:34Z,https://www.adzuna.in/details/5904536472?utm_medium=api&utm_source=b30e4a75,"SE Advisory Services is Schneider Electric's global consulting practice, helping organizations turn bold energy, sustainability, and digitalization ambitions into measurable impact. We are looking for a new colleague to join our energy and sustainability services group. I.A.V. Associate Purpose of the job: The position holder will be part of a global team identifying and resolving invoice errors, maintain special databases based on contracting and billing data. Tasks: Invoice management: analys…"
5883870481,Jr. Data Analyst,VIJAY COPOLYMERS,"Sillod, Aurangabad",,,2026-09-15T01:41:10Z,https://www.adzuna.in/details/5883870481?utm_medium=api&utm_source=b30e4a75,"Analyze data from Zoho and other business systems to derive actionable insights for decision-making. Develop and maintain Zoho Dashboards to track business metrics, KPIs, and performance indicators. Use Zoho Analytics to gather, clean, and organize data from various sources, ensuring accuracy and consistency. Generate business insights and recommendations based on data trends, patterns, and analysis. Prepare and process data for further analysis using data prep techniques and tools. Create deta…"
5458953672,Data Analyst-Data Management and Analytics-Data Ops/Data Analyst,EXL,"Pune, Maharashtra",,,2025-10-22T14:52:04Z,https://www.adzuna.in/details/5458953672?utm_medium=api&utm_source=b30e4a75,"Description 5 - 9 years of professional experience as a Data Analyst with good decision-making, analytical and problem-solving skills. Working knowledge / experience of Big Data frameworks like Hadoop, Hive and Spark. Hands-on experience in query languages like HQL or SQL (Spark SQL) for Data exploration. Data mapping: Determine the data mapping required to join multiple data sets together across multiple sources. Documentation - Data Mapping, Subsystem Design, Technical Design, Business Requir…"
5824131818,Big Data Analyst - Data Solutions,Azira,"Bangalore, Karnataka",,,2026-08-01T20:53:04Z,https://www.adzuna.in/details/5824131818?utm_medium=api&utm_source=b30e4a75,"Why This Role Matters The Big Data Analyst – Data Solutions (India) plays a key role in transforming large and complex datasets into meaningful insights that drive data-led media solutions and business decisions. By leveraging strong analytical skills, PySpark/Python expertise, and statistical reasoning, the Analyst helps build scalable data solutions that support business growth and innovation. Working closely with senior team members, the role contributes to advanced analytics and modelling i…"
5732553171,Data Analyst - Data Remediation - Mumbai,Capco,"Mumbai, Maharashtra",,,2026-05-18T02:04:19Z,https://www.adzuna.in/details/5732553171?utm_medium=api&utm_source=b30e4a75,"About Us “Capco, a Wipro company, is a global technology and management consulting firm. Awarded with Consultancy of the year in the British Bank Award and has been ranked Top 100 Best Companies for Women in India 2022 by Avtar & Seramount . With our presence across 32 cities across globe, we support 100 clients across banking, financial and Energy sectors. We are recognized for our deep transformation execution and delivery. WHY JOIN CAPCO? You will work on engaging projects with the largest i…"
5875288726,Senior Data Analyst Data Analytics,Epsilon,"Ramakrishna Hegde Nagar, Bangalore",,,2026-09-08T11:05:26Z,https://www.adzuna.in/details/5875288726?utm_medium=api&utm_source=b30e4a75,"Overview About Business Unit: Powerful predictors of the future - our Analytics team seamlessly blends data science and business intelligence to provide unparalleled foresight for our platform offerings. They turn insights into actionable results for our clients by collaborating with senior team members and staying ahead of market trends, powered by our data assets. By using new-age analytic tools and emerging technologies, the team cultivates a dynamic learning environment for curious minds to…"
5876949177,Senior Data Analyst Data Analytics,Epsilon,"Bangalore, Karnataka",,,2026-09-09T16:12:51Z,https://www.adzuna.in/details/5876949177?utm_medium=api&utm_source=b30e4a75,"Overview About Business Unit: Powerful predictors of the future - our Analytics team seamlessly blends data science and business intelligence to provide unparalleled foresight for our platform offerings. They turn insights into actionable results for our clients by collaborating with senior team members and staying ahead of market trends, powered by our data assets. By using new-age analytic tools and emerging technologies, the team cultivates a dynamic learning environment for curious minds to…"
5870122609,Lead Data Analyst - Data Operations,S&P Global,"Hyderabad, Telangana",,,2026-09-04T11:08:01Z,https://www.adzuna.in/details/5870122609?utm_medium=api&utm_source=b30e4a75,"About the Role: Grade Level (for internal use): 08 About the Role: Grade Level (for internal use): 8 Job Title: Lead Data Analyst Functional Domain: Enterprise Data Organization Job Overview: The Lead Data Analyst will play a critical role in the CCST team, working in partnership with the Quality Assurance team. The role involves managing client inquiries, analyzing banking datasets, and leveraging advanced data manipulation skills. This position requires proficiency in SQL, and experience with…"
5870122610,Lead Data Analyst - Data Operations,S&P Global,"Ahmedabad, Gujarat",,,2026-09-04T11:08:01Z,https://www.adzuna.in/details/5870122610?utm_medium=api&utm_source=b30e4a75,"About the Role: Grade Level (for internal use): 08 About the Role: Grade Level (for internal use): 8 Job Title: Lead Data Analyst Functional Domain: Enterprise Data Organization Job Overview: The Lead Data Analyst will play a critical role in the CCST team, working in partnership with the Quality Assurance team. The role involves managing client inquiries, analyzing banking datasets, and leveraging advanced data manipulation skills. This position requires proficiency in SQL, and experience with…"
5869814087,Sr. Data Analyst (Data Science),Sagility India Private limited,"Bangalore, Karnataka",,,2026-09-04T07:34:36Z,https://www.adzuna.in/details/5869814087?utm_medium=api&utm_source=b30e4a75,"Job Description Seeking a skilled Data Scientist with expertise in Natural Language Processing (NLP), Large Language Models (LLMs), Python, and AWS to develop, deploy, and optimize machine learning models for processing large-scale textual data. Skills: 1. Minimum 3 years of relevant work experience with a proven track record of designing, developing and deploying analytics solutions in commercial setting 2. Proficiency in Python & SQL (must) - 3 yrs 3. Knowledge of various modelling algorithms…"
5899028976,Senior Data Analyst – Analytics,Nextgen Digital Solutions,India,700000.0,900000.0,2026-09-26T07:08:58Z,https://www.adzuna.in/details/5899028976?utm_medium=api&utm_source=b30e4a75,"Senior Data Analyst – Analytics Location: Mumbai Experience: 4–6 Years Industry: Consumer Goods / Manufacturing Employment Type: Full-time Joining: Immediate / Short Notice Company Description Nextgen Digital Solutions (NDS) is a global consulting and technology firm specializing in Digital Transformation through Microsoft Cloud. With a strong presence in both the US and India, we deliver high-impact services in consulting, implementation, integration, and support. Our expertise spans Microsoft…"
5756181759,Data Analyst/PowerBI Engineer,ProArch,India,,,2026-06-08T16:11:26Z,https://www.adzuna.in/details/5756181759?utm_medium=api&utm_source=b30e4a75,"ProArch is looking for a talented Data Analyst/PowerBI Engineer who will play a crucial role in analyzing data and generating actionable insights for our clients. In this position, you will leverage your expertise in Power BI and data analysis techniques to transform complex data into clear and compelling visualizations and reports. You'll work closely with stakeholders to understand their analytics needs and provide solutions that support informed decision-making. Key Responsibilities: Design,…"
5897957723,Data Analyst/Business Analyst,Unison Group,India,,,2026-09-25T11:19:11Z,https://www.adzuna.in/details/5897957723?utm_medium=api&utm_source=b30e4a75,"Translate business needs into technical specs for data engineers; define and validate data quality across ETL processes and systems Collaborate with cross-functional teams (Business, IT functional and Technical Teams) to support Data Engineers build the data products. Analyze complex SAP/Non-SAP datasets to help in data modeling Support data mappings, verify the correctness of Data Products and adhering to Data Quality Norms  Develop data collection and automation workflows using cloud service…"
5693524382,Senior Commercial Data Analyst,LRN Corporation,India,,,2026-04-09T01:03:12Z,https://www.adzuna.in/details/5693524382?utm_medium=api&utm_source=b30e4a75,"Position: Senior Commercial Data Analyst Location: Mumbai, India About LRN: LRN is the world’s leading dedicated ethics and compliance SaaS company, helping more than 30 million people every year navigate complex regional and global regulatory environments and build ethical, responsible cultures. With over 3,000 clients across the US, EMEA, APAC, and Latin America—including some of the world’s most respected and successful brands—we’re proud to be the long-term partner trusted to reduce organiz…"
5885451003,Senior Data Analyst – Tableau,Zorba Consulting India,India,1500000.0,2000000.0,2026-09-16T07:05:30Z,https://www.adzuna.in/details/5885451003?utm_medium=api&utm_source=b30e4a75,"Role Overview We are looking for a Senior Data Analyst to work on a broad range of data analytics, data visualization, and business intelligence initiatives across multiple industries. The role requires strong analytical skills, frequent client interaction, and the ability to translate business problems into effective analytical and BI solutions while collaborating closely with Data Engineering teams. The ideal candidate should have strong hands-on expertise in Tableau, along with a good unders…"
5883377937,OriginPro Expert - Data Analyst,Mercor,"Mumbai, Maharashtra",,,2026-09-14T13:00:16Z,https://www.adzuna.in/details/5883377937?utm_medium=api&utm_source=b30e4a75,"About the job Mercor connects elite creative and technical talent with leading AI research labs. Headquartered in San Francisco, our investors include Benchmark , General Catalyst , Peter Thiel , Adam D'Angelo , Larry Summers , and Jack Dorsey . Position: Application Users - Origin on Windows - STEM Type: Contract Compensation: $45–$55/hour Location: Remote Role Responsibilities Evaluate the accuracy and depth of AI-generated content in Statistics and Econometrics to strengthen reasoning and ri…"
5884402106,EViews Specialist - Data Analyst,Mercor,"Mumbai, Maharashtra",,,2026-09-15T13:03:56Z,https://www.adzuna.in/details/5884402106?utm_medium=api&utm_source=b30e4a75,"About the job Mercor connects elite creative and technical talent with leading AI research labs. Headquartered in San Francisco, our investors include Benchmark , General Catalyst , Peter Thiel , Adam D'Angelo , Larry Summers , and Jack Dorsey . Position: Application Users - EViews on Windows - STEM Type: Contract Compensation: $45–$55/hour Location: Remote Role Responsibilities Evaluate the accuracy and depth of AI-generated content in Econometrics to strengthen reasoning and rigor in model ou…"
5904171616,Sr Data Analyst Architect,Acme Services Private Limited,"Bazargate, Mumbai",2600000.0,2700000.0,2026-09-30T23:51:07Z,https://www.adzuna.in/details/5904171616?utm_medium=api&utm_source=b30e4a75,"Job Description: 1. Home Loan Domain Expertise Demonstrated experience in building analytical solutions for Home Loan/Lending domain, including portfolio analytics, delinquency & risk reporting, GL reconciliation, customer lifecycle insights, and regulatory/RBI reporting. 2. Data Modeling & Architecture (Microsoft Fabric) Strong proficiency in designing enterprise grade data models and architecture using Microsoft Fabric components-Warehouse, Lakehouse, Dataflow Gen2, Eventhouse, KQL Database, …"
5211779120,Data Analyst Associate - Data Management,Wissen Technology,"Mumbai, Maharashtra",,,2025-05-23T06:51:56Z,https://www.adzuna.in/details/5211779120?utm_medium=api&utm_source=b30e4a75,"Job Title: Data Analyst Associate – Data Management Location: Mumbai, India Company: Wissen Technology About Us: Wissen Technology is a leading technology and consulting firm known for its strong commitment to excellence, innovation, and customer satisfaction. We are passionate about harnessing data to drive smart business decisions and deliver impactful insights. Join us in shaping the future of data management. Role Overview: We are looking for a meticulous and proactive Data Analyst Associat…"
5858131069,Sr Data Analyst (Tariff Data,Staffnixcom,"Pune, Maharashtra",1100000.0,1500000.0,2026-08-27T16:06:25Z,https://www.adzuna.in/details/5858131069?utm_medium=api&utm_source=b30e4a75,"Strong Data Analyst Profile with advanced Excel and SQL expertise 2 Mandatory (Experience 1): Must have 4 years of overall experience as a hands-on Data Analyst 3 Mandatory (Tech skill 1): Must be highly proficient in advanced Excel — complex functions, macros, calculations, and pivots 4 Mandatory (Tech skill 2): Must have strong hands-on SQL and a good understanding of relational database concepts 5 Mandatory (Tech skill 3): Must be able to automate routine tasks using Python (for automation p…"
5333342202,Data Analyst and Data science trainer,EDU TECH,"Chavakkad, Thrissur",200000.0,600000.0,2025-08-02T05:31:53Z,https://www.adzuna.in/details/5333342202?utm_medium=api&utm_source=b30e4a75,"We are looking for a dynamic and skilled Data Science and Data Analyst Trainer with 2 to 5 years of hands-on industry and/or teaching experience. The ideal candidate should be able to simplify complex data concepts, mentor aspiring professionals, and deliver effective training programs in data analytics, data science, and business intelligence tools. Skills:- Tableau, Python, PowerBI, Machine Learning (ML), Artificial Intelligence (AI) and Deep Learning"
5877845358,Data Analyst - Technical Data PM,Nihilent,"Pune, Maharashtra",,,2026-09-10T07:38:49Z,https://www.adzuna.in/details/5877845358?utm_medium=api&utm_source=b30e4a75,"Data Analyst - Technical Data PM Pune Experience: 10-15 Years Skills: Key Responsibilities: Project Planning and Execution: Lead the end-to-end project management process, from initiation to closure. Develop comprehensive project plans, including scope, timelines, resources, and budget. Ensure project deliverables meet quality standards and are completed on time and within budget. Monitor and report on project progress, identifying and mitigating risks as they arise. Technical Leadership: Provi…"
5831397505,"Senior Data Analyst, Market Data",ICE,"Hyderabad, Telangana",,,2026-08-07T07:27:33Z,https://www.adzuna.in/details/5831397505?utm_medium=api&utm_source=b30e4a75,"Job Purpose Senior Data Analyst, Market Data will join the Master Data Management team within Intercontinental Exchange (ICE). The Master Data Management Operations team is responsible for building and maintaining corporate company-wide data uniformity. This position will be responsible for managing high-level data sets (Business Entity, Client Segmentation, Contact Data etc.) and onboarding new acquisitions on schedule. The successful candidate will work on new and existing projects in close c…"
5884512105,Data Analyst - Data Analyst L3 (5.1-7 years),Capco,"Mumbai, Maharashtra",,,2026-09-15T16:15:15Z,https://www.adzuna.in/details/5884512105?utm_medium=api&utm_source=b30e4a75,"About Us “Capco, a Wipro company, is a global technology and management consulting firm. Awarded with Consultancy of the year in the British Bank Award and has been ranked Top 100 Best Companies for Women in India 2022 by Avtar & Seramount . With our presence across 32 cities across globe, we support 100 clients across banking, financial and Energy sectors. We are recognized for our deep transformation execution and delivery. WHY JOIN CAPCO? You will work on engaging projects with the largest i…"
5897924893,"Data Analyst [Rajkot, India]",FallenAmbers,"Rajkot, Gujarat",30000.0,60000.0,2026-09-25T10:52:56Z,https://www.adzuna.in/details/5897924893?utm_medium=api&utm_source=b30e4a75,"We are looking for a passionate certified Data Analyst. The successful candidate will turn data into information, information into insight, and insight into business decisions. Data Analyst responsibilities include: Interpreting data, analyzing results using statistical techniques Developing and implementing data analyses, data collection systems and other strategies that optimize statistical efficiency and quality Acquiring data from primary or secondary data sources and maintaining databases …"
5161304220,Data Analyst / ML Engineer,Talent Pro,"Mumbai, Maharashtra",2000000.0,4000000.0,2025-04-25T04:45:08Z,https://www.adzuna.in/details/5161304220?utm_medium=api&utm_source=b30e4a75,"What You will do: ● Play the role of Data Analyst / ML Engineer ● Collection, cleanup, exploration and visualization of data ● Perform statistical analysis on data and build ML models ● Implement ML models using some of the popular ML algorithms ● Use Excel to perform analytics on large amounts of data ● Understand, model and build to bring actionable business intelligence out of data that is available in different formats ● Work with data engineers to design, build, test and monitor data pipel…"
5874224174,Sr. Data Analyst| Mumbai,CSB Bank,"Mumbai, Maharashtra",,,2026-09-07T21:09:00Z,https://www.adzuna.in/details/5874224174?utm_medium=api&utm_source=b30e4a75,"Description Design, develop, and maintain robust ETL pipelines to ingest data from various banking systems into analytics platforms. Build and optimize data models for reporting, analytics, and machine learning use cases. Collaborate with data analysts, data scientists, and business stakeholders to understand data requirements. Conduct in-depth data analysis to answer complex business questions, across Risk, credit and liabilities domain, delivering actionable insights for decision-making. Ensu…"
5852610226,Data Analyst - Revenue Operations,Clearwater Analytics,"Noida, Ghaziabad",,,2026-08-22T21:07:38Z,https://www.adzuna.in/details/5852610226?utm_medium=api&utm_source=b30e4a75,"Data Analyst - Revenue Operations Location: Noida Type: Full-time About the Role We are seeking a motivated Data Analyst to join our Revenue Operations data and reporting team. This position is well suited to an individual who wishes to build a career in revenue operations, sales analytics, and go-to-market (GTM) systems. The successful candidate will support the Revenue Operations center of excellence by maintaining data integrity, preparing reports, and enabling the sales organization to oper…"
5859117636,Aerospace Warranty Data Analyst,Onward Technologies Limited,"Pune, Maharashtra",,,2026-08-28T07:35:50Z,https://www.adzuna.in/details/5859117636?utm_medium=api&utm_source=b30e4a75,"Job Title: Aerospace Warranty Data Analyst Location: Pune Experience: 2-3 Years Education: Any Engineering Domain Notice Period: 15-30 Days Shift: General Shift Job Description: We are looking for an Aerospace Warranty Data Analyst with expertise in warranty, aftermarket data analysis, and reliability analysis within the aerospace industry . The ideal candidate should have a strong understanding of aerospace aftermarket business and be proficient in analyzing and interpreting warranty and relia…"
5702935490,Data Analyst - Advanced Analytics,ClearView Healthcare Partners,"Gurgaon, Haryana",,,2026-04-18T02:09:47Z,https://www.adzuna.in/details/5702935490?utm_medium=api&utm_source=b30e4a75,"Company Overview ClearView Healthcare Partners is a premier life sciences strategy consulting firm headquartered in Boston, with offices in San Francisco, New York City, London, Zurich and Gurgaon. Serving clients in the biopharmaceutical, medical device, and diagnostic spaces, we provide world-class strategic decision-making support across a diverse range of business issues. Our goal is to inform actionable recommendations that allow companies to achieve their business objectives. ClearView He…"
5852577088,Liquidity Reporting- data analyst,Capco,India,,,2026-08-22T20:47:45Z,https://www.adzuna.in/details/5852577088?utm_medium=api&utm_source=b30e4a75,"Job title: Liquidity reporting Compliance Finance has mobilised a multi-year Integrity of Regulatory Reporting (IRR) programme to ensure that Regulatory Reporting across the Group is fit for purpose; accurate, timely and complete. The IRR programme is responsible for overseeing the design and implementation of a set of standards and control outcomes that will be consistently applied across the end-to-end Regulatory Reporting Process. IRR will drive the interconnectivity across various strategic…"
5728314973,Junior - Data Analyst| Thane,CSB Bank,"Thane, Maharashtra",,,2026-05-14T02:15:38Z,https://www.adzuna.in/details/5728314973?utm_medium=api&utm_source=b30e4a75,"Description Junior data analyst who will support data driven decision making by collecting, analyzing, and interpreting data. The role involves working with business teams to generate insights, build reports, and improve operational efficiency. Creating reports/dashboards to enable data-driven decision making. Responsibilities Collect, clean and validate data from multiple sources Perform basic to intermediate data analysis Create dashboards using tools like Power BI/Excel Generate daily/weekly…"
5875696221,Senior Data Analyst- Tableau,Sigmoid,"Bangalore, Karnataka",,,2026-09-08T21:10:38Z,https://www.adzuna.in/details/5875696221?utm_medium=api&utm_source=b30e4a75,"Job Title: Senior Data Analyst Role Overview We are looking for a Senior Data Analyst to work on a broad range of data analytics, data visualization, and business intelligence initiatives across multiple industries. The role requires strong analytical skills, frequent client interaction, and the ability to translate business problems into effective analytical and BI solutions while collaborating closely with Data Engineering teams. Key Responsibilities Work on a wide range of data analytics, da…"
5856197181,Healthcare_ Data Analyst_Q2,Infosys Limited,"Bangalore, Karnataka",,,2026-08-26T07:38:05Z,https://www.adzuna.in/details/5856197181?utm_medium=api&utm_source=b30e4a75,Key Responsibilities: A day in the life of an Infoscion As part of the Infosys delivery team your primary role would be to interface with the client for quality assurance issue resolution and ensuring high customer satisfaction You will understand requirements create and review designs validate the architecture and ensure high levels of service offerings to clients in the technology domain You will participate in project estimation provide inputs for solution delivery conduct technical risk pla…
5864839902,Senior Business Data Analyst,DNEG,"Mumbai, Maharashtra",,,2026-09-01T20:56:14Z,https://www.adzuna.in/details/5864839902?utm_medium=api&utm_source=b30e4a75,"Description Position at DNEG Position: Business Data Analyst (Senior) Department: Business Operations / Strategy Location: Mumbai - WFO Role Overview We are seeking a Business Data Analyst to support data-driven decision-making across production, operations, recruitment, finance, and business strategy within the VFX and media industry. The ideal candidate will transform complex data into actionable insights, helping leadership optimize resource planning, project performance, talent acquisition,…"
5849314595,HR Data Analyst Supervisor,ADM,"Bangalore, Karnataka",,,2026-08-20T11:09:52Z,https://www.adzuna.in/details/5849314595?utm_medium=api&utm_source=b30e4a75,"Title: GCC HR Data Analyst Supervisor Location: ADM Capability Center Role Overview: The Global HR Data & Analytics team enables insight-led decision making across the enterprise by providing trusted, consistent, and scalable workforce data, reporting, and analytics support. As part of the Global Capability Center, the GCC HR Data Analyst Supervisor serves as the day-to-day lead for HR Data & Analytics delivery, overseeing a team of analysts and ensuring accurate, timely, and consistent executi…"
4514376542,E- commerce Data Analyst,Qrata,"Bangalore, Karnataka",500000.0,800000.0,2024-01-07T15:08:03Z,https://www.adzuna.in/details/4514376542?utm_medium=api&utm_source=b30e4a75,"Roles & Responsibilities: Prepare and maintain E-commerce reports. Performing analysis to assess quality and meaning of data Preparing reports for the management stating trends, patterns, and predictions using relevant data Streamlining communication channels between Sales, Operations, Accounts and other teams. Build relationships with Marketplace Sellers/logistics partners/third party vendor/ payment gateways. Assigning numerical value to essential business functions so that business performan…"
5216157760,Data Analyst - wholesale banking,Asterion,India,,,2025-05-26T02:02:33Z,https://www.adzuna.in/details/5216157760?utm_medium=api&utm_source=b30e4a75,Job Title – Data Analyst Place of work - Mumbai Business Unit – Data & Analytics Function - COO Job Purpose : Own specific work streams within the context of a larger projects Manage internal processes necessary for successful project implementation Perform research needed to execute projects Document project activities to adhere to controls processes Work with cross functional stakeholders to increase adoption of analytics in decision making Independently execute projects Roles & Responsibilit…
5877844187,Senior Data Analyst 1,ModMed Technologies India Private Lid,"Hyderabad, Telangana",,,2026-09-10T07:37:22Z,https://www.adzuna.in/details/5877844187?utm_medium=api&utm_source=b30e4a75,"ModMed is hiring a driven Senior Data Analyst 1 to join our high-performing Software Product Development team. This is an exciting opportunity to work with a hyper-growth SaaS company that is truly Modernizing Medicine! Data Analysis and Reporting : Analyze structured and unstructured data to identify trends and actionable insights that align with business objectives. Visualization : Use tools like Tableau, Power BI, or Looker to create dashboards that clearly communicate data insights to stake…"
5841929681,Senior Data Analyst I,Elsevier,India,,,2026-08-14T20:49:33Z,https://www.adzuna.in/details/5841929681?utm_medium=api&utm_source=b30e4a75,"Senior Data Analyst-I Do you like working with data and analytics to gain insight to solve problems? Do you enjoy collaborating across teams to build and deliver products that make a difference? About Our Team:- The Content and Data Analytics team is part of DataOps within Global Operations at Elsevier. We provide analytics services primarily using Databricks, supporting Product Owners, Product Managers, Data Scientists, and Research Data Platform domain teams. Our work contributes to Elsevier …"
5832078489,Business Intelligence and Data Analyst,Trelleborg Group,India,,,2026-08-07T20:41:37Z,https://www.adzuna.in/details/5832078489?utm_medium=api&utm_source=b30e4a75,"Are you a talent looking to build business skills, gain experience, and take on exciting challenges? Grow your career with Trelleborg and start shaping the industry from the inside. We are looking for Business Intelligence and Data Analyst you will be supporting to Operate and continuously improve the CARS/BI backend within the global Enterprise Data Warehouse and Business Intelligence platform, ensuring system stability, continuous data loading, and the timely delivery of business-critical rep…"
5797292800,Sr. Data Analyst 4B,Genpact,India,,,2026-07-12T03:12:40Z,https://www.adzuna.in/details/5797292800?utm_medium=api&utm_source=b30e4a75,"Sr. Data Analyst Ready to turn bold ideas into real-world impact? At Genpact, we don’t just adapt to change, we lead it. AI and digital innovation are transforming the way businesses work, and we’re at the forefront of it. Genpact’s AI Gigafactory , our industry-first accelerator, exemplifies how we scale advanced technology solutions to help global enterprises work smarter, grow faster, and transform at scale. Whether tackling complex challenges through large-scale models or agentic AI , our b…"
5904039722,Cloud Operations Data Analyst,Stantec,"Pune, Maharashtra",,,2026-09-30T21:12:21Z,https://www.adzuna.in/details/5904039722?utm_medium=api&utm_source=b30e4a75,"Description At Stantec, we're driven by a shared purpose to bring people, technology, and data together to create impact across our clients and communities. Our Digital Centre of Excellence (CoE) supports this mission by improving internal efficiency, enabling scalable innovation, and strengthening collaboration through modern digital and cloud technologies. We are seeking an Operations Data Analyst to work in the Digital Solutions Architecture and Operations team to support the effective opera…"
5899550126,Data Analyst/Business Analyst,Unison Group,"Bangalore, Karnataka",,,2026-09-26T16:17:42Z,https://www.adzuna.in/details/5899550126?utm_medium=api&utm_source=b30e4a75,"Translate business needs into technical specs for data engineers; define and validate data quality across ETL processes and systems Collaborate with cross-functional teams (Business, IT functional and Technical Teams) to support Data Engineers build the data products. Analyze complex SAP/Non-SAP datasets to help in data modeling Support data mappings, verify the correctness of Data Products and adhering to Data Quality Norms  Develop data collection and automation workflows using cloud service…"
5899550128,Data Analyst/Business Analyst,Unison Group,"Hyderabad, Telangana",,,2026-09-26T16:17:42Z,https://www.adzuna.in/details/5899550128?utm_medium=api&utm_source=b30e4a75,"Translate business needs into technical specs for data engineers; define and validate data quality across ETL processes and systems Collaborate with cross-functional teams (Business, IT functional and Technical Teams) to support Data Engineers build the data products. Analyze complex SAP/Non-SAP datasets to help in data modeling Support data mappings, verify the correctness of Data Products and adhering to Data Quality Norms  Develop data collection and automation workflows using cloud service…"
5843994207,Senior Data Analyst I,RELX INC,"Bangalore, Karnataka",,,2026-08-16T11:25:36Z,https://www.adzuna.in/details/5843994207?utm_medium=api&utm_source=b30e4a75,"Bengaluru Gurgaon Chennai Full time R116815 Senior Data Analyst-I Do you like working with data and analytics to gain insight to solve problems? Do you enjoy collaborating across teams to build and deliver products that make a difference? About Our Team:- The Content and Data Analytics team is part of DataOps within Global Operations at Elsevier. We provide analytics services primarily using Databricks, supporting Product Owners, Product Managers, Data Scientists, and Research Data Platform dom…"
5843994203,Senior Data Analyst I,RELX INC,"Chennai, Tamil Nadu",,,2026-08-16T11:25:36Z,https://www.adzuna.in/details/5843994203?utm_medium=api&utm_source=b30e4a75,"Bengaluru Gurgaon Chennai Full time R116815 Senior Data Analyst-I Do you like working with data and analytics to gain insight to solve problems? Do you enjoy collaborating across teams to build and deliver products that make a difference? About Our Team:- The Content and Data Analytics team is part of DataOps within Global Operations at Elsevier. We provide analytics services primarily using Databricks, supporting Product Owners, Product Managers, Data Scientists, and Research Data Platform dom…"
5867232971,Sr. Data Analyst 4A,Genpact,India,,,2026-09-02T21:33:46Z,https://www.adzuna.in/details/5867232971?utm_medium=api&utm_source=b30e4a75,"Sr. Data Analyst Ready to turn bold ideas into real-world impact? At Genpact, we don’t just adapt to change, we lead it. AI and digital innovation are transforming the way businesses work, and we’re at the forefront of it. Genpact’s AI Gigafactory , our industry-first accelerator, exemplifies how we scale advanced technology solutions to help global enterprises work smarter, grow faster, and transform at scale. Whether tackling complex challenges through large-scale models or agentic AI , our b…"
5249443156,Data Analyst- Building Materials,The Search House,"Bangalore, Karnataka",,,2025-06-14T02:58:20Z,https://www.adzuna.in/details/5249443156?utm_medium=api&utm_source=b30e4a75,"Job Roles and Responsibilities: Update all details of the contact on Rolo CRM. Handle all activities on internal Rolo CRM . ⁠Develop complete understanding of Rolo CRM. Check each team member daily engagement on Rolo CRM. Create detailed reports, including brand performance reports and team reports, using Excel (pivot tables, charts, and formulas). Develop dynamic dashboards to track KPIs, CRM updates, and key business metrics. Analyze and provide insights from meeting feedback to improve strat…"
5833598910,Data Analyst – Engineering Systems,Ayr Energy,"Hyderabad, Telangana",,,2026-08-08T20:56:35Z,https://www.adzuna.in/details/5833598910?utm_medium=api&utm_source=b30e4a75,"About the role As a data analyst, you’ll support engineering decision-making across our product lines, with a focus on electrical transformer design and power systems analysis. You'll build tools, scripts, and models to help engineers analyse data, optimize designs, and validate performance. Our integrated model of combining advanced engineering, tight supply-chain control, and exceptional service empowers you to build resilient solutions that restore reliability and control to the operators wh…"
5900184575,Senior EDI Data Analyst,Kimberly-Clark Corporation,"Pune, Maharashtra",,,2026-09-27T07:38:49Z,https://www.adzuna.in/details/5900184575?utm_medium=api&utm_source=b30e4a75,"Senior EDI Data Analyst Job Description Join the team behind iconic brands like Huggies®, Kleenex®, Cottonelle®, Scott®, Kotex®, Poise®, Depend®, and Kimberly-Clark Professional®. At Kimberly-Clark, it’s all here for you, innovation, growth, and the chance to make a real impact. You’re not the person who will settle for just any role. Neither are we. Because we’re out to create Better Care for a Better World, and that takes a certain kind of person and teams who care about making a difference. …"
2427499955,Data Analyst - Underwriting & Risk,Unnati,"Bangalore, Karnataka",500000.0,1500000.0,2021-09-03T01:56:14Z,https://www.adzuna.in/details/2427499955?utm_medium=api&utm_source=b30e4a75,"If you are interested in joining a purpose-driven community that is dedicated to creating ambitious and inclusive workplaces, then be a part of a high growth startup with a world class team, building a revolutionary product Our client is a vertical fintech play focused on solving industry-specific financing gaps in the food sector through the application of data. The platform provides skin-in-the-game growth capital to much-loved F&B brands. Founded in 2019, they're VC funded and based out of S…"
5675503461,Senior Financial Data Analyst,SimCorp,"Noida, Ghaziabad",,,2026-03-23T01:47:37Z,https://www.adzuna.in/details/5675503461?utm_medium=api&utm_source=b30e4a75,"WHAT MAKES US, US Join some of the most innovative thinkers in FinTech as we lead the evolution of financial technology. If you are an innovative, curious, collaborative person who embraces challenges and wants to grow, learn and pursue outcomes with our prestigious financial clients, say hello to SimCorp! At its foundation, SimCorp is guided by our values — caring, customer success-driven, collaborative, curious, and courageous. Our people-centered organization focuses on skills development, r…"
5832090748,Principal Survey Data Analyst,Oceaneering,"Chandigarh, India",,,2026-08-07T20:55:11Z,https://www.adzuna.in/details/5832090748?utm_medium=api&utm_source=b30e4a75,"Description The S&P (Survey and Positioning) Hydrographic Survey Data Analyst is responsible for data processing and analysis activities required for job preparation, field support, office QC, final reporting QC, final deliverable QC, and project close out activities assigned by Project Management. This position operates company supplied computers with appropriate software programs to support data processing and analysis tasks. This position interfaces closely with the offshore staff, GIS and P…"
5870765691,Global Employee Data Analyst,Bristol Myers Squibb,India,,,2026-09-04T21:19:19Z,https://www.adzuna.in/details/5870765691?utm_medium=api&utm_source=b30e4a75,"At Bristol Myers Squibb, our employees often ask, “Who are you working for?”—a question that fuels collaboration, accountability, and urgency in our work. Our purpose-driven culture inspires us to discover, develop, and deliver innovative medicines to prevail over serious diseases. We offer uniquely interesting and meaningful work, opportunities for growth, and a supportive environment that values inclusion, wellbeing, flexibility, and comprehensive benefits. This is work that transforms the li…"
5205499598,VP - Lead Data Analyst,Asterion,India,,,2025-05-19T01:54:34Z,https://www.adzuna.in/details/5205499598?utm_medium=api&utm_source=b30e4a75,"To be successful in this role as a Vice President-Lead Data Analyst, you should possess the following skillsets: Experience in Data Management, Governance including records management and ability to review business processes from data lens and identify critical upstream and downstream components especially in financial services organization – understanding of models, EUDAs etc. Strong understanding of data governance, quality, controls, lineage and reference data/metadata management including r…"
5687725924,Data Analyst-Senior II,FedEx,India,,,2026-04-03T01:52:11Z,https://www.adzuna.in/details/5687725924?utm_medium=api&utm_source=b30e4a75,"What can you expect as a FedEx team member? Career Mobility and Development : When you join FedEx, you’re joining a team with possibilities that literally span the world—from opportunities for advancement and location transfer, to training and leadership programs. Total Compensation and Benefits Package : We want to keep our employees for a long time, so we offer competitive benefits, opportunities for flexible work arrangements, and programs to support well-being. Equal Opportunities Our great…"
5899538231,"Data Analyst, Global Growth",Stripe,India,,,2026-09-26T16:15:21Z,https://www.adzuna.in/details/5899538231?utm_medium=api&utm_source=b30e4a75,"Who we are About Stripe Stripe is a financial infrastructure platform for businesses. Millions of companies—from the world’s largest enterprises to the most ambitious startups—use Stripe to accept payments, grow their revenue, and accelerate new business opportunities. Our mission is to increase the GDP of the internet, and we have a staggering amount of work ahead. That means you have an unprecedented opportunity to put the global economy within everyone’s reach while doing the most important …"
5832796068,Senior Data Analyst I,SWISS RE,"Bangalore, Karnataka",,,2026-08-08T07:28:17Z,https://www.adzuna.in/details/5832796068?utm_medium=api&utm_source=b30e4a75,"About the Role You will be a part of a pool of analysts responsible for analyzing the financial performance of the Business Unit Life & Health Reinsurance (BU LH Re). We support our leading client managers and underwriters in managing and steering their client relationships and portfolios. In this role, you will work closely with all teams within BU LH Re Finance across locations to drive digital transformation and analytics initiatives. Key Responsibilities Gather requirements from sub-BU team…"
5895353519,Assistant Manager - Data Analyst,Guidehouse,India,,,2026-09-23T21:25:21Z,https://www.adzuna.in/details/5895353519?utm_medium=api&utm_source=b30e4a75,"Job Family : EBO Management Information System (India) Travel Required : Up to 25% Clearance Required : None What You Will Do : Gather data from primary and secondary sources, ensuring the upkeep of databases and data systems. Detect, examine, and decode trends or patterns within intricate datasets. Cleanse data and scrutinize computer-generated reports and outputs to identify and rectify coding errors. Coordinate with management to align business and informational priorities. Track process met…"
5843168823,Global HSW Data Analyst,Arcadis,India,,,2026-08-15T20:57:23Z,https://www.adzuna.in/details/5843168823?utm_medium=api&utm_source=b30e4a75,"Description As an Arcadian, you already help us deliver world leading sustainable design, engineering, and consultancy solutions for natural and built assets. You are part of our global business comprising 34,000 people, in over 30 countries, dedicated to improving quality of life. Everyone has an important role to play. With the power of many curious minds, together we can continue to solve the world’s most complex challenges and deliver more impact together. This role is to support integratio…"
5880854014,Salesforce Data Analyst 2,Comcast,"Chennai, Tamil Nadu",,,2026-09-12T16:13:34Z,https://www.adzuna.in/details/5880854014?utm_medium=api&utm_source=b30e4a75,"Comcast brings together the best in media and technology. We drive innovation to create the world's best entertainment and online experiences. As a Fortune 50 leader, we set the pace in a variety of innovative and fascinating businesses and create career opportunities across a wide range of locations and disciplines. We are at the forefront of change and move at an amazing pace, thanks to our remarkable people, who bring cutting-edge products and services to life for millions of customers every…"
5890494495,Business Intelligence and Data Analyst,Aanet Talent Global Solutions,"Bangalore, Karnataka",1500000.0,1700000.0,2026-09-19T16:16:22Z,https://www.adzuna.in/details/5890494495?utm_medium=api&utm_source=b30e4a75,"Position title: Business Intelligence and Data Analyst Summary - • Operate and continuously improve the CARS/BI backend within the global Enterprise Data and Business Intelligence platform, ensuring system stability, continuous data loading, and Warehouse the timely delivery of business-critical reports. • Own the underlying data foundation — SQL pipelines, relational data models, and data warehouse structures — that internal reporting teams and global Data Management initiatives depend on, and…"
5874261915,"Data Analyst, Finance and Payments",Handshake,India,360000.0,360000.0,2026-09-07T21:18:39Z,https://www.adzuna.in/details/5874261915?utm_medium=api&utm_source=b30e4a75,"About Handshake Handshake was founded on a simple belief that everyone deserves a path to a great career, regardless of where they went to school or who they know. Today, we power 25 million job seekers, 1 million employers, and 1,600 educational institutions. In 2025, we started Handshake AI and built the fastest-growing AI data business in history. We work directly with frontier AI lab researchers to create evaluations, publish benchmarks, and push the boundary of data. We’ve grown from $0 to…"
5841930714,Assistant Manager - Data Analyst,Guidehouse,India,,,2026-08-14T20:50:19Z,https://www.adzuna.in/details/5841930714?utm_medium=api&utm_source=b30e4a75,"Job Family : EBO Management Information System (India) Travel Required : Up to 25% Clearance Required : None What You Will Do : Gather data from primary and secondary sources, ensuring the upkeep of databases and data systems. Detect, examine, and decode trends or patterns within intricate datasets. Cleanse data and scrutinize computer-generated reports and outputs to identify and rectify coding errors. Coordinate with management to align business and informational priorities. Responsible for t…"
5901707785,ANT - Sr. Data Analyst,PNB MetLife,India,,,2026-09-28T21:22:35Z,https://www.adzuna.in/details/5901707785?utm_medium=api&utm_source=b30e4a75,"Job Description Context & Role: Context: PNB MetLife has a very strong in-house Data Science and Analytics team which uses all kinds of advance analytics / data science, AI - machine learning, deep learning, GenAI, data visualization / self-service analytics, data mining and deep dive data insights & analysis techniques to work on many business problems. Team closely works with senior stakeholders and management team to solve business problems and help them achieve business objectives. We are l…"
5890240441,Azure AI Data Analyst,Celestica,India,,,2026-09-19T11:11:38Z,https://www.adzuna.in/details/5890240441?utm_medium=api&utm_source=b30e4a75,"Req ID: 135134 Remote Position: Yes Region: Asia Country: India State/Province: Chennai City: Guindy, Chennai Summary The AI Data Analyst will design, develop, document, and maintain data pipelines and architectures, working closely with IT, Data Engineering, and Data Science teams to deliver artificial intelligence and machine learning solutions. Provide technical support on selected AI systems (for example, Generative AI applications, agentic workflows, and internal data integration tools) an…"
5875067962,Data Analyst Internship in Ahmedabad,MAXGEN TECHNOLOGIES PRIVATE LIMITED,India,,,2026-09-08T07:02:15Z,https://www.adzuna.in/details/5875067962?utm_medium=api&utm_source=b30e4a75,Maxgen Technologies Pvt ltd located in pune We are offering indata analyst internshipand data analytics program to It and Engineering fresher candidates why we are important interns friendly environment professional and experience staff good work culture job placement in top mnc visit us at www maxgentechnologies com call us hidden mobile address Abhijeet 3 603 Netaji Rd near Pantaloons Mithakhali Ellisbridge Ahmedabad
5833581852,AI-Powered Data Analyst,RemoteLegalStaff,India,,,2026-08-08T20:41:58Z,https://www.adzuna.in/details/5833581852?utm_medium=api&utm_source=b30e4a75,"About the role We're looking for a Data Analyst to join our Ops Intelligence function and make sure RLS's operational data and reporting never depends on any single person. You'll pull, clean, and structure operational data, maintain dashboards and reporting hygiene, and document how everything works as you learn it. The goal is a function built on systems and documentation rather than on any one person's memory, so RLS's visibility into its own operations holds up over time regardless of who's…"
5904044260,Blockchain Data Analyst & Researcher,Lukka,India,,,2026-09-30T21:17:21Z,https://www.adzuna.in/details/5904044260?utm_medium=api&utm_source=b30e4a75,"Why This Role As a Blockchain Data Analyst & Researcher, you will be a pivotal force in our data intelligence efforts, serving primarily as a blockchain data protocol researcher. Your core mission will involve a deep dive into the complex internals and mechanics of various blockchain networks, reverse engineering of sophisticated Decentralized Finance (DeFi) protocols, and translating these complex systems into actionable, structured data. Develop new derivative data models and datasets for cli…"
5897068026,Data Analyst - Senior II,FedEx,India,,,2026-09-24T21:28:46Z,https://www.adzuna.in/details/5897068026?utm_medium=api&utm_source=b30e4a75,"What can you expect as a FedEx team member? Career Mobility and Development : When you join FedEx, you’re joining a team with possibilities that literally span the world—from opportunities for advancement and location transfer, to training and leadership programs. Total Compensation and Benefits Package : We want to keep our employees for a long time, so we offer competitive benefits, opportunities for flexible work arrangements, and programs to support well-being. Equal Opportunities Our great…"
5873987552,"(IND) Senior, Data Analyst",Walmart Global Tech India,"Bangalore, Karnataka",,,2026-09-07T16:09:56Z,https://www.adzuna.in/details/5873987552?utm_medium=api&utm_source=b30e4a75,"About Team As the Senior Data Analyst, Marketplace Analytics & Data Science, you will be part of the team with an aim to evaluate the effectiveness and efficiency of the Marketplace platform. Walmart Marketplace allows independent third-party sellers to list products directly on Walmart.com alongside Walmart’s own inventory. Your focus will be to support the Business and Product teams in strategic and operational decision making as they prioritize and build capabilities and tools to allow Selle…"
5904048022,Senior Data Analyst (Auth0),Okta,"Bangalore, Karnataka",,,2026-09-30T21:21:28Z,https://www.adzuna.in/details/5904048022?utm_medium=api&utm_source=b30e4a75,"Secure Every Identity, from AI to Human Identity is the key to unlocking the potential of AI. Okta secures AI by building the trusted, neutral infrastructure that enables organizations to safely embrace this new era. This work requires a relentless drive to solve complex challenges with real-world stakes. We are looking for builders and owners who operate with speed and urgency and execute with excellence. This is an opportunity to do career-defining work. We're all in on this mission. If you a…"
5789372931,Data Analyst (Procurement & REWS),WPP,"Mumbai, Maharashtra",,,2026-07-06T03:09:35Z,https://www.adzuna.in/details/5789372931?utm_medium=api&utm_source=b30e4a75,"WPP is the trusted growth partner for the world’s leading brands. We unite cutting-edge media intelligence and data solutions, world-class creativity, next-generation production, transformative enterprise solutions and expert strategic counsel in a single company – powered by exceptional talent and our agentic marketing platform, WPP Open, to help our clients navigate change, capture opportunity and deliver transformational growth. We work with the world's most valuable brands and have global r…"
5904052155,Senior Market Data Analyst,TRG Screen,"Bangalore, Karnataka",,,2026-09-30T21:25:50Z,https://www.adzuna.in/details/5904052155?utm_medium=api&utm_source=b30e4a75,"Join TRG Screen: Building World-Class Teams. One Expert at a Time. Are you ready to be part of a dynamic team at the forefront of subscription spend management innovation? At TRG Screen, we're not just redefining how organizations manage their subscription expenses – we're shaping the future of the industry. With cutting-edge solutions and a commitment to excellence, we empower businesses around the globe to optimize their subscription investments and drive sustainable growth. Join us in our mi…"
5858377069,Data Analyst (Tibco Webfocus ),Unisys,India,,,2026-08-27T20:58:09Z,https://www.adzuna.in/details/5858377069?utm_medium=api&utm_source=b30e4a75,"What success looks like in this role: The Reporting Analyst is responsible for designing, developing, administering, supporting and optimising the business intelligence and reporting platforms, while progressively supporting data quality, data governance and data management activities. The role provides reporting solutions for internal stakeholders and global clients while managing the stability, security, compliance and performance of the legacy and current reporting environments. Acting as su…"
5786028821,"Lead Data Analyst, Growth",Headout,"Bangalore, Karnataka",,,2026-07-03T02:56:16Z,https://www.adzuna.in/details/5786028821?utm_medium=api&utm_source=b30e4a75," Why Headout? We’re a rocketship: 9-figure revenue, record growth, and profitable With $200M in revenue, guests in 700 cities, and 18 months of profitability, Headout is the fastest-growing marketplace in the travel industry, and we’re just getting started. We've raised $60M from top-tier investors and are building a durable company for the long term — because that's what our mission needs and deserves. We’re growing, profitable and nowhere near done. What we do is important In an increasingly …"
5280546845,Data Analyst (ERP Migration),TIGI HR Solution Pvt. Ltd.,"Bangalore, Karnataka",1200000.0,1500000.0,2025-07-03T03:31:14Z,https://www.adzuna.in/details/5280546845?utm_medium=api&utm_source=b30e4a75,"Location: Bangalore – Hebbal – 5 Days - WFO Type: Contract – 6 Months to start with, extendable Experience Required: 5 years in Data Analysis, with ERP migration experience Key Responsibilities: Analyze and map data from SAP to JD Edwards structures. Define data transformation rules and business logic. Assist with data extraction, cleansing, and enrichment. Collaborate with technical teams to design and execute ETL processes. Perform data validation and reconciliation before and after migration…"
1714383026,Data Analyst (Power BI),Carbynetech,"Hyderabad, Telangana",800000.0,1500000.0,2020-09-20T02:07:56Z,https://www.adzuna.in/details/1714383026?utm_medium=api&utm_source=b30e4a75,"Must Have 6 years of work experience in Power BI Hands on in Power BI & Power Tool Build Analysis Services reporting models. Develop visual reports, dashboards and KPI scorecards using Power BI desktop. Connect to data sources, importing data and transforming data for Business Intelligence. Analytical thinking for translating data into informative visuals and reports. Implement row level security on data and have an understanding of application security layer models in Power BI. Make DAX querie…"
5631029876,Assistant Manager - Data Analyst,BSR & Co,"Noida, Ghaziabad",,,2026-02-16T01:14:48Z,https://www.adzuna.in/details/5631029876?utm_medium=api&utm_source=b30e4a75,"Description About KPMG in India KPMG entities in India are professional services firm(s). These Indian member firms are affiliated with KPMG International Limited. KPMG was established in India in August 1993. Our professionals leverage the global network of firms, and are conversant with local laws, regulations, markets and competition. KPMG has offices across India in Ahmedabad, Bengaluru, Chandigarh, Chennai, Gurugram, Jaipur, Hyderabad, Jaipur, Kochi, Kolkata, Mumbai, Noida, Pune, Vadodara …"
4801471014,Data Scientist/Data Analyst,Starz Infotech,"Bangalore, Karnataka",,,2024-07-31T03:08:11Z,https://www.adzuna.in/details/4801471014?utm_medium=api&utm_source=b30e4a75,"Data Science (Mandatory): Statistical model building, Ensemble methods, deep learning, supervised and unsupervised learning, Logistic regression, time series analysis, cluster analysis, deep learning Technical skills (Mandatory) : Python, Cloud computing (GCP or AWS),Cognos Analytics, Advanced Excel. Technical skills (Desirable) : Big data, Hive, Cognos Analytics, Hadoop, Power BI or equivalent visualization tool, Spark Soft skills: Excellent Communication skills, Self-driven and innovative Rol…"
5543913591,Data Analyst Fintech company,Talent Pro,"Mumbai, Maharashtra",800000.0,1200000.0,2025-12-16T10:56:15Z,https://www.adzuna.in/details/5543913591?utm_medium=api&utm_source=b30e4a75,"Must have Strong SQL skills (queries, optimization, procedures, triggers) Must have Advanced Excel skills Should have 3 years of relevant experience Should have Reporting  dashboard creation experience Should have Database development & maintenance experience Must have Strong communication for client interactions Should have Ability to work independently Willingness to work from client locations Skills:- PowerBI"
3952014895,Voice Data Analyst - Transcriptionist,Rezo.AI,"Noida, Ghaziabad",300000.0,600000.0,2023-03-02T02:02:24Z,https://www.adzuna.in/details/3952014895?utm_medium=api&utm_source=b30e4a75,"About Us Rezo.ai is an AI-first and NLP-first sales & support automation platform with a mission to become the leading automation/AI platform in the world. Our team has extensive experience in AI and Automation and is working extremely hard to build a state-of-art automation platform. Currently, deployed with large enterprises to automate conversations across voice, email, chat, social, and WhatsApp and enhance customer experience. If you are fascinated by AI and looking to work with a team tha…"
3949357016,Data analyst (ETL Pipeline),People First Consultants,"Bangalore, Karnataka",,,2023-03-01T01:41:55Z,https://www.adzuna.in/details/3949357016?utm_medium=api&utm_source=b30e4a75,"SKILLS: python, sql, etl (building etl pipelines) EXPERIENCE : 3 to10 LOCATION: Bangalore and Gurugram COMPANY DESCRIPTION: This Company is a global management consulting firm . We are the trusted advisor to the world's leading businesses, governments, and institutions. We work with leading organizations across the private, public and social sectors. Our scale, scope, and knowledge allow us to address problems that no one else can. REQUIREMENTS: Bachelor’s degree in Engineering or Computer Scie…"
3262155278,Data Analyst- Biglittle.ai,Codejudge,"Bangalore, Karnataka",2000000.0,2500000.0,2022-06-26T06:20:49Z,https://www.adzuna.in/details/3262155278?utm_medium=api&utm_source=b30e4a75,"Job description The ideal candidate is adept at using large data sets to find opportunities for product and process optimization and using models to test the effectiveness of different courses of action. Mine and analyze data from company databases to drive optimization and improvement of product development, marketing techniques and business strategies. Assess the effectiveness and accuracy of new data sources and data gathering techniques. Develop custom data models and algorithms to apply to…"
5758031269,Data Engineer/ Data Analyst,Varaha,India,1300000.0,1500000.0,2026-06-10T09:42:57Z,https://www.adzuna.in/details/5758031269?utm_medium=api&utm_source=b30e4a75,"Company Introduction : Varaha is a global, leading, climate tech venture focused on carbon removal solutions such as - regenerative agriculture, afforestation, biochar, and enhanced rock weathering - that support smallholder land stewards at scale. In just the third year of operation, we are removing and avoiding more than 1 million tons of CO2 and distributing the majority of the revenues to more than 100,000 smallholder land stewards in South Asia and Sub-Saharan Africa. Backed by leading glo…"
5394067861,Lead Data Analyst- R01552322,Brillio,"Bangalore, Karnataka",,,2025-09-11T17:32:12Z,https://www.adzuna.in/details/5394067861?utm_medium=api&utm_source=b30e4a75,"Data Scientist Primary Skills Classification (Decision Trees, SVM), Distance (Hamming Distance, Euclidean Distance, Manhattan Distance), Forecasting (Exponential Smoothing, ARIMA, ARIMAX), Great Expectation, Evidently AI, Hypothesis Testing, ML Frameworks (TensorFlow, PyTorch, Sci-Kit Learn, CNTK, Keras, MXNet), Probabilistic Graph Models, Python/PySpark, R/ R Studio, Regression (Linear, Logistic), SAS/SPSS, Statistical analysis and computing, Tools(KubeFlow, BentoML), T-Test, Z-Test Job requir…"
5805535278,Data Analyst Internship in Pune,MAXGEN TECHNOLOGIES PRIVATE LIMITED,India,,,2026-07-18T06:31:37Z,https://www.adzuna.in/details/5805535278?utm_medium=api&utm_source=b30e4a75,Maxgen Technologies Pvt ltd offers live project internships in Pune Freshers and Students will getdata Analyst Internshipwith machine learning program Fresher career program hybrid internship placement without bond practical project internships flexible working hours call us hidden mobile visit us www maxgentechnologies com
5832798139,Data Analyst/BI Developer,Milestone Online Technology,"Hyderabad, Telangana",,,2026-08-08T07:31:04Z,https://www.adzuna.in/details/5832798139?utm_medium=api&utm_source=b30e4a75,"Job description Responsibilities: Develop and maintain interactive dashboards and reports using Tableau(Strong). Write and optimize SQL queries to extract, transform, and load (ETL) data from various sources. Design and implement data models and databases to support business needs. Understanding of GenAI will be added advantage. Create and manage Power Apps to automate workflows and improve business processes. Collaborate with cross-functional teams to understand business requirements and trans…"
5728249239,Data Analyst - Supply Chain (IN),Cencora,India,,,2026-05-14T01:58:05Z,https://www.adzuna.in/details/5728249239?utm_medium=api&utm_source=b30e4a75,"Our team members are at the heart of everything we do. At Cencora, we are united in our responsibility to create healthier futures, and every person here is essential to us being able to deliver on that purpose. If you want to make a difference at the center of health, come join our innovative company and help us improve the lives of people and animals everywhere. Apply today! Job Details Under general supervision of the Supply Chain Modeling & Optimization Director, the Supply Chain Network Mo…"
5849678027,Data Scientist/Data Analyst,Novartis,"Hyderabad, Telangana",,,2026-08-20T20:46:17Z,https://www.adzuna.in/details/5849678027?utm_medium=api&utm_source=b30e4a75,"Data Science (Mandatory): Statistical model building, Ensemble methods, deep learning, supervised and unsupervised learning, Logistic regression, time series analysis, cluster analysis, deep learning Technical skills (Mandatory): Python, Cloud computing (GCP or AWS), Cognos Analytics, Advanced Excel. Technical skills (Desirable): Big data, Hive, Cognos Analytics, Hadoop, Power BI or equivalent visualization tool, Spark Soft skills: Excellent Communication skills, Self-driven and innovative Role…"
5850376564,Data Analyst - Digital Marketing,TVS Credit Services,"Chennai, Tamil Nadu",,,2026-08-21T07:38:58Z,https://www.adzuna.in/details/5850376564?utm_medium=api&utm_source=b30e4a75,"Key Responsibilities : Analyze Marketing Campaign Performance : Track and assess key performance metrics such as Cost Per Acquisition (CPA) , Return on Ad Spend (ROAS) , and conversion rates to evaluate the effectiveness of campaigns. Leverage analytics tools to provide actionable insights for optimizing campaigns, improving targeting, and ensuring budget efficiency. Develop Data-Driven Insights : Maintain and enhance reporting frameworks using advanced analytics to monitor campaign performance…"
5850379847,Sr. Specialist Data Analyst,Ss C Technologies,"Mumbai, Maharashtra",,,2026-08-21T07:39:55Z,https://www.adzuna.in/details/5850379847?utm_medium=api&utm_source=b30e4a75,"RESPONSIBILITIES: Provide mutual fund transaction processing services with a strong customer-focused approach Deliver proactive and innovative solutions to clients and stakeholders Lead small and moderately complex projects or independently handle complex operational tasks Apply specialized expertise to evaluate wide-ranging and complex issues and develop creative, efficient solutions Recommend and support implementation of new procedures to enhance processing efficiency Work with a high degree…"
5850339738,Data Analyst Internship in Ahmedabad,MAXGEN TECHNOLOGIES PRIVATE LIMITED,India,,,2026-08-21T07:13:09Z,https://www.adzuna.in/details/5850339738?utm_medium=api&utm_source=b30e4a75,Maxgen Technologies Pvt ltd offers live project internships inahmedabad Freshers and Students will getdata analyst internshipwith machine learning program Fresher career program hybrid internship placement without bond practical project internships flexible working hours call us hidden mobile visit us www maxgentechnologies com Address Abhijeet 3 603 Netaji Rd near Pantaloons Mithakhali Ellisbridge Ahmedabad
5824134567,Data Analyst - Contact Center,TransUnion,India,,,2026-08-01T20:56:19Z,https://www.adzuna.in/details/5824134567?utm_medium=api&utm_source=b30e4a75,"TransUnion's Job Applicant Privacy Notice Team Overview Working closely with TU INDAS&xa;&xa;This is a hybrid position and involves regular performance of job responsibilities virtually as well as in-person at an assigned TU office location for a minimum of two days a week. Role Overview And Core Responsibilities The TU India Key Analyst- Communications Solutions will act as a key analyst of the Solutions Consulting team and is responsible for pre/post sales analytics, value propositions, and b…"
5854880219,Data Analyst -Survey Administration,Oliver Wyman,"Gurgaon, Haryana",,,2026-08-25T07:43:07Z,https://www.adzuna.in/details/5854880219?utm_medium=api&utm_source=b30e4a75,"Key Responsibilities: Survey Design & Development: Design and develop survey questionnaires that align with research objectives and target audience. Collaborate with stakeholders to define survey goals, objectives, and key metrics. Ensure survey questions are clear, unbiased, and effectively capture relevant data. Use survey platforms (e.g., SurveyMonkey, Qualtrics, Google Forms) to set up, configure, and deploy surveys. Survey Administration & Distribution: Administer surveys to targeted respo…"
